Partido;Cargo;Numero;Nome;Genero;CorRaca;FECF;Fundopartidario;Privados;Estimaveis;Total;Votos
PPL;"Dep Federal";5451;"EVANIL FIRMINO";MASCULINO;PRETA;0;0;0;138;138;86
PSL;"Dep Federal";1747;"COMANDANTE SERGIO WEYDT";MASCULINO;PARDA;0;0;30540;0;30890;26897
PTC;"Dep Federal";3678;"ITO MELODIA";MASCULINO;PRETA;0;0;0;0;0;3405
PRP;"Dep Federal";4421;"JÉSSICA DO CUIDE-SE BEM";FEMININO;BRANCA;0;0;3208;1231;4440;840
PRP;"Dep Federal";4484;"ZEZÉ DE ROCHA MIRANDA";FEMININO;PRETA;0;0;1000;600;1600;315
PRB;"Dep Federal";1051;"GERALDO INDIO ";MASCULINO;PARDA;0;0;0;997100;997100;461
DEM;"Dep Federal";2580;"FRANCISCO FLORIANO";MASCULINO;PARDA;0;0;700000;0;700000;21556
PODE;"Dep Federal";1923;"DOUGLAS ALMEIDA";MASCULINO;PRETA;0;0;0;0;0;1185
PSC;"Dep Federal";2040;"BADY MACHADO";MASCULINO;BRANCA;0;0;0;1535;1535;463
DC;"Dep Federal";2719;"ANDERSON TEGÃO";MASCULINO;BRANCA;0;0;3970;0;3970;6152
PSD;"Dep Federal";5540;"ALEXANDRE CARDOSO";MASCULINO;BRANCA;496476;0;1080000;3000;1083000;7316
PRB;"Dep Federal";1029;"VLADE GUERRA";MASCULINO;PRETA;0;0;0;0;0;91
DC;"Dep Federal";2717;"MARCOS ARAUJO - KIKO";MASCULINO;BRANCA;0;0;0;0;0;477
PSL;"Dep Federal";1755;"MARCUS VINICIUS";MASCULINO;PARDA;0;0;0;0;0;5508
PSC;"Dep Federal";2007;"CLAUDIA JUREMA";FEMININO;BRANCA;0;0;0;112;112;143
SOLIDARIEDADE;"Dep Federal";7718;"DINHA KORDASH";FEMININO;PARDA;0;0;0;500;500;826
AVANTE;"Dep Federal";7009;"ERALDO MUNIZ";MASCULINO;BRANCA;0;0;0;0;0;646
PPL;"Dep Federal";5456;"ALEXANDRE PIMENTEL";MASCULINO;PARDA;0;0;0;0;0;1935
PRB;"Dep Federal";1023;"DR. EDMILSON ARÊIAS";MASCULINO;PARDA;0;0;0;4097;4097;573
PDT;"Dep Federal";1201;"DR. ALOISIO FREITAS";MASCULINO;BRANCA;40503;0;141000;21673;162673;18035
PPS;"Dep Federal";2303;"SANDRO ARAUJO";MASCULINO;BRANCA;64360;0;81524;1200;82724;5697
PHS;"Dep Federal";3148;"MARCÃO MAIA";MASCULINO;PARDA;0;0;40;300;340;997
PMB;"Dep Federal";3564;"PASTOR DEJARME ";MASCULINO;BRANCA;0;0;890;0;890;934
PTC;"Dep Federal";3676;"JOSE CARLOS MODESTO";MASCULINO;BRANCA;0;0;0;0;0;1515
PRB;"Dep Federal";1044;"LUCIANO DE JESUS";MASCULINO;PRETA;0;0;0;8232;8232;280
PV;"Dep Federal";4374;"GERSON DANTAS FUCA";MASCULINO;PARDA;0;0;5424;472;5896;410
PHS;"Dep Federal";3160;"DARIO FERREIRA ";MASCULINO;PARDA;0;0;0;300;300;373
PHS;"Dep Federal";3136;"MARCOS FRANKUS ";MASCULINO;PARDA;0;0;0;300;300;802
PTC;"Dep Federal";3630;"SHEILA DA SAUDE";FEMININO;PRETA;0;0;0;0;0;419
PTC;"Dep Federal";3636;"GEORGE RAMOS";MASCULINO;PARDA;0;0;0;0;0;716
PHS;"Dep Federal";3156;"SERGIO CARVALHO ";MASCULINO;INDÍGENA;0;0;0;300;300;1423
PV;"Dep Federal";4327;"GILZA FREIRE";FEMININO;BRANCA;9000;0;5000;2663;7663;92
PATRI;"Dep Federal";5145;CINTIA;FEMININO;PARDA;0;0;0;0;0;186
PTB;"Dep Federal";1477;"JEFFERSON LEITE";MASCULINO;PARDA;0;0;10000;6354;16354;1189
PATRI;"Dep Federal";5107;"LILI ALVES";FEMININO;PARDA;0;0;0;0;0;218
PODE;"Dep Federal";1915;"MARCIA ADRIANA";FEMININO;PRETA;0;0;0;0;0;89
PSC;"Dep Federal";2076;"SILVANIA VELASCO";FEMININO;BRANCA;0;0;0;1535;1535;180
AVANTE;"Dep Federal";7004;"J CHAGAS";MASCULINO;BRANCA;0;0;18400;462;18862;7241
PODE;"Dep Federal";1941;"ELAINE NEGRITUDE";FEMININO;PRETA;0;0;600000;0;600000;1289
PSOL;"Dep Federal";5009;"ANDERSON QUACK";MASCULINO;PRETA;0;0;51220;1432;52652;2548
PODE;"Dep Federal";1968;LULA;MASCULINO;BRANCA;0;0;0;69;69;132
AVANTE;"Dep Federal";7028;"MARCIO DIAS";MASCULINO;PARDA;0;0;3022;154;3176;435
PPL;"Dep Federal";5453;"LUCAS ZUBELLI ";MASCULINO;BRANCA;0;0;30;138;168;64
REDE;"Dep Federal";1899;"FABIO DA PADARIA";MASCULINO;PARDA;0;0;1600;0;1600;617
PMB;"Dep Federal";3567;"GLAUCIA PASSARELLES";FEMININO;BRANCA;0;0;4000;0;4000;778
PSL;"Dep Federal";1746;"MAJOR FABIANA";FEMININO;BRANCA;0;0;76690;786;77476;57611
PMB;"Dep Federal";3518;"KELY BARSCH";FEMININO;BRANCA;0;0;4000;0;4000;187
PSL;"Dep Federal";1715;"MAURICIO PRICE";MASCULINO;BRANCA;0;0;22798;3245;26043;12385
PMB;"Dep Federal";3597;"IONE BARROCA";FEMININO;BRANCA;0;0;4000;0;4000;221
PSOL;"Dep Federal";5018;"DANILO FUNKE";MASCULINO;BRANCA;0;50822;56102;725;56827;11337
PODE;"Dep Federal";1914;"DAYSE LUCID";FEMININO;PRETA;0;0;0;69;69;241
DC;"Dep Federal";2707;"MICHELE SABINO";FEMININO;PARDA;0;0;0;0;0;602
PSL;"Dep Federal";1719;"PASTOR SÉRGIO LEITE";MASCULINO;PARDA;0;0;0;0;0;3281
PMN;"Dep Federal";3333;"JONAS NOGUEIRA";MASCULINO;BRANCA;0;0;250;1415;1665;712
PSOL;"Dep Federal";5080;"GLAUBER BRAGA";MASCULINO;BRANCA;298634;0;322344;49382;371727;40199
PSOL;"Dep Federal";5066;"JORGE COSTA";MASCULINO;PARDA;0;0;0;0;0;337
PATRI;"Dep Federal";5143;"TELMA MORENO";FEMININO;PRETA;0;0;0;0;0;66
PRTB;"Dep Federal";2814;"PATRÍCIA VALÉRIA";FEMININO;PARDA;0;0;0;1000;1000;91
SOLIDARIEDADE;"Dep Federal";7702;"LU MELLO";FEMININO;PARDA;0;0;6320;1089;7409;615
PSDB;"Dep Federal";4551;"DRA. ADALEIA ";FEMININO;PRETA;1670;0;10675;0;10675;643
"PC do B";"Dep Federal";6577;"IVAN CANELLAS ";MASCULINO;PRETA;0;0;4362;10491;14853;480
PSC;"Dep Federal";2022;"DR. VAILSON LESSA";MASCULINO;BRANCA;0;0;3000;0;3000;2271
PHS;"Dep Federal";3171;"GUINHO SIGILIÃO";MASCULINO;BRANCA;0;0;0;300;300;381
PRB;"Dep Federal";1054;"IVAN INÁCIO";MASCULINO;BRANCA;0;0;0;1763;1763;292
PSD;"Dep Federal";5561;"ROSIEL LIMA";MASCULINO;BRANCA;0;0;0;0;0;1167
PR;"Dep Federal";2219;DICA;MASCULINO;BRANCA;0;847949;903728;14400;918128;39225
PPL;"Dep Federal";5406;"ANA CLAUDIA DE OLIVEIRA";FEMININO;PRETA;0;0;0;0;0;230
AVANTE;"Dep Federal";7011;"HELIETE GENTILEZA";FEMININO;BRANCA;0;0;0;300;300;403
PMB;"Dep Federal";3500;"DELCIO FERNANDO";MASCULINO;PARDA;0;0;0;0;0;344
PPL;"Dep Federal";5447;"JUPICIARA FIRMINO";FEMININO;PRETA;0;0;600;0;600;27
PSL;"Dep Federal";1776;"ALEXANDRE PRADO";MASCULINO;PARDA;0;0;0;0;0;11426
PODE;"Dep Federal";1910;"ADRIANO PEQUENO";MASCULINO;BRANCA;0;0;0;241;241;1928
PRP;"Dep Federal";4415;MARTINS;MASCULINO;BRANCA;0;0;0;0;0;861
PRP;"Dep Federal";4437;"ANA AZEVEDO";FEMININO;BRANCA;0;0;3600;600;4200;332
PSL;"Dep Federal";1732;"DRA. ELIZABETE SUTTER";FEMININO;PARDA;0;0;4357;393;4750;1639
PRP;"Dep Federal";4430;"SERGINHO DE CORRÊAS";MASCULINO;BRANCA;0;0;0;0;0;692
PSC;"Dep Federal";2044;"ZÉ BONITINHO";MASCULINO;PARDA;0;0;0;1985;1985;359
PMB;"Dep Federal";3566;"VICTOR MAZZEI";MASCULINO;BRANCA;0;0;25900;545;26445;1501
PHS;"Dep Federal";3100;"GELSON AZEVEDO";MASCULINO;BRANCA;0;0;376800;300;377100;28216
PSDB;"Dep Federal";4531;"LISIANE SENNA";FEMININO;BRANCA;0;0;5000;0;5000;140
PTC;"Dep Federal";3686;"IVETE CONCEICAO";FEMININO;BRANCA;0;0;0;0;0;244
PSD;"Dep Federal";5588;"ROSANA ROSA";FEMININO;PARDA;43300;0;200000;6920;206920;3519
PTB;"Dep Federal";1414;"CRISTIANE BRASIL";FEMININO;BRANCA;1080826;28945;2347000;0;2347000;10002
PRTB;"Dep Federal";2870;"FELIPE BRASILEIRO";MASCULINO;PARDA;0;0;0;0;0;4993
PODE;"Dep Federal";1990;"PASTOR CRISTIANO";MASCULINO;BRANCA;0;0;0;138;138;552
PHS;"Dep Federal";3144;"NIVALDO PEREIRA ";MASCULINO;PRETA;0;0;42100;300;42400;447
PATRI;"Dep Federal";5151;"WALNEY ROCHA";MASCULINO;BRANCA;258379;0;307000;10681;317681;26979
PSOL;"Dep Federal";5008;"LUCIANA BOITEUX";FEMININO;BRANCA;57096;0;131421;22160;153581;15839
PT;"Dep Federal";1340;PEDROSA;MASCULINO;PARDA;10000;0;11212;1000;12212;1039
PSOL;"Dep Federal";5099;"WLADIMIR MUTT";MASCULINO;PRETA;0;0;0;0;0;672
PTC;"Dep Federal";3622;"CHICO JESUS";MASCULINO;BRANCA;0;0;0;0;0;948
PODE;"Dep Federal";1979;"ENFERMEIRA MARA BLANCK";FEMININO;PARDA;0;0;0;172;172;3070
PSDB;"Dep Federal";4511;"RODRIGO BORGES";MASCULINO;BRANCA;0;13;50000;0;50000;2217
PDT;"Dep Federal";1268;"MILLENE DO ESPORTE";FEMININO;PRETA;0;0;10000;1186;11186;393
PRP;"Dep Federal";4466;"SUELI DE BARROS CABRAL";FEMININO;BRANCA;0;0;0;0;0;140
PSC;"Dep Federal";2031;"DRA. GLAUCE FERNANDES";FEMININO;BRANCA;0;0;20000;3680;23680;1536
PSD;"Dep Federal";5567;"MIRIAN PACHECO";FEMININO;PARDA;0;0;0;0;0;218
PSD;"Dep Federal";5508;"ANDRÉ CERVEJEIRO";MASCULINO;PRETA;0;0;2475;0;2475;706
PHS;"Dep Federal";3123;"FABINHO BODINHO";MASCULINO;BRANCA;0;0;0;300;300;2269
PHS;"Dep Federal";3102;"SORAYA FONTES ";FEMININO;PARDA;0;0;3000;200;3200;218
DC;"Dep Federal";2704;"PROFESSOR ISIDORO";MASCULINO;PRETA;0;0;0;0;0;229
PRB;"Dep Federal";1037;"PROF NILTON PATRICIO";MASCULINO;PRETA;0;0;1520;0;1520;1183
PODE;"Dep Federal";1980;"DR.. DAISY";FEMININO;BRANCA;0;0;1982;0;1982;214
PODE;"Dep Federal";1962;"MARCIA MOURA ";FEMININO;PRETA;0;0;0;0;0;34
PR;"Dep Federal";2200;"DINHO DA FARMÁCIA";MASCULINO;BRANCA;186169;0;623000;0;623000;9137
PSOL;"Dep Federal";5012;"CINTIA TEIXEIRA";FEMININO;PRETA;16173;0;21187;8947;30135;2537
PRB;"Dep Federal";1022;"TEREZINHA DO SALÃO";FEMININO;BRANCA;0;0;5000;2294;7294;581
AVANTE;"Dep Federal";7016;"LUCIA CARRILHO";FEMININO;PARDA;0;0;0;0;0;869
PATRI;"Dep Federal";5199;"TIA ANGELICA";FEMININO;BRANCA;0;0;0;0;0;145
PSL;"Dep Federal";1767;"FELÍCIO LATERÇA";MASCULINO;BRANCA;0;0;99150;0;99150;47065
PPL;"Dep Federal";5499;"WASHINGTON SILVA";MASCULINO;PARDA;0;0;0;138;138;460
DEM;"Dep Federal";2523;"ZÉ AUGUSTO NALIN";MASCULINO;BRANCA;86079;0;1100000;4262;1104262;31756
PMB;"Dep Federal";3547;"SOL DA ZONA OESTE";FEMININO;PRETA;0;0;0;0;0;433
DC;"Dep Federal";2799;"PROF LUCIA FROTA";FEMININO;BRANCA;0;0;0;0;0;2611
PSD;"Dep Federal";5556;"NILSON DUARTE";MASCULINO;PARDA;0;0;23634;0;23634;1590
PSC;"Dep Federal";2019;CAVADAS;MASCULINO;BRANCA;0;0;0;1572;1572;1019
MDB;"Dep Federal";1545;"DANIELA DO WAGUINHO";FEMININO;BRANCA;651953;0;854100;298363;1152463;136286
PT;"Dep Federal";1358;"VERÔNICA LIMA";FEMININO;PRETA;339138;65360;622000;395;622395;26302
PSD;"Dep Federal";5505;"PEDRO RAFAEL";MASCULINO;BRANCA;0;0;12574;0;12574;2476
PR;"Dep Federal";2234;"EDSON PIMENTA";MASCULINO;BRANCA;0;10000;14000;0;14000;222
PRB;"Dep Federal";1062;"MARQUINHO DESAFIO";MASCULINO;PRETA;0;0;0;0;0;609
PSD;"Dep Federal";5511;"JONES MOURA";MASCULINO;BRANCA;0;0;145300;0;145300;20601
PSB;"Dep Federal";4044;"DR EMANUEL TORQUATO";MASCULINO;BRANCA;0;0;0;0;0;8758
PSC;"Dep Federal";2030;"ROBERTO MOTTA";MASCULINO;BRANCA;21637;0;92580;1915;94496;17089
PMB;"Dep Federal";3562;"ALEX BERALDO";MASCULINO;PARDA;0;0;39000;5460;44460;14818
PPL;"Dep Federal";5478;"ROBSON WILLIAN";MASCULINO;PRETA;0;0;3000;500;3500;954
PODE;"Dep Federal";1927;"JAIME VELOSO";MASCULINO;BRANCA;0;0;0;0;0;386
PRTB;"Dep Federal";2809;"RICARDO SOARES";MASCULINO;PARDA;0;0;0;0;0;1420
PTC;"Dep Federal";3601;JULINHO;MASCULINO;BRANCA;0;0;0;1626;1626;1306
PRB;"Dep Federal";1045;"GENIVAL DO JORNAL";MASCULINO;PARDA;0;0;0;0;0;602
PRP;"Dep Federal";4411;"EDILAN DO CELULAR";MASCULINO;PARDA;0;0;2200;0;2200;5071
PODE;"Dep Federal";1995;"CICERA MARIA";FEMININO;BRANCA;0;0;0;69;69;144
PSL;"Dep Federal";1700;PAPINHA;MASCULINO;PARDA;0;0;13624;5265;18889;21118
PRP;"Dep Federal";4407;"BARRADAS DE BELFORD ROXO";MASCULINO;PARDA;0;0;0;0;0;143
PV;"Dep Federal";4343;"ARILDO MENDES";MASCULINO;PRETA;41051;0;112000;4191;116191;4170
"PC do B";"Dep Federal";6555;"DANIEL ILIESCU";MASCULINO;BRANCA;5991;0;26485;1875;28360;2653
PODE;"Dep Federal";1911;"LUIZ EDUARDO";MASCULINO;BRANCA;0;0;0;0;0;831
PPL;"Dep Federal";5426;"CAIO MIRABELLI";MASCULINO;BRANCA;0;0;0;138;138;297
PRTB;"Dep Federal";2844;"RODRIGO GUEDES";MASCULINO;PARDA;0;0;0;0;0;272
PT;"Dep Federal";1354;"MAESTRO PAULO PAGANINI";MASCULINO;PRETA;0;0;0;1130;1130;297
PRP;"Dep Federal";4414;"EVANGIVALDO ALVES";MASCULINO;PARDA;0;0;0;0;0;846
PSL;"Dep Federal";1752;"MÁRCIO LABRE";MASCULINO;PARDA;0;0;31725;0;31725;46934
PRP;"Dep Federal";4450;VENISSIUS;MASCULINO;BRANCA;0;270092;626000;0;626000;19946
DEM;"Dep Federal";2525;"LAURA CARNEIRO";FEMININO;BRANCA;137657;0;1897000;4574;1901574;40212
PSD;"Dep Federal";5554;ALMEIDA;MASCULINO;PARDA;0;0;0;0;0;5047
DC;"Dep Federal";2727;"LUIZ ANTÔNIO";MASCULINO;BRANCA;0;0;114800;0;114800;50284
PDT;"Dep Federal";1277;"BRUNO PINHEIRO";MASCULINO;BRANCA;0;0;6000;0;6000;692
PRTB;"Dep Federal";2828;"RODRIGO SOUZA";MASCULINO;BRANCA;0;0;247000;0;247000;9127
"PC do B";"Dep Federal";6516;"MALVINA DAUMAS ";FEMININO;PRETA;0;0;0;1350;1350;122
PRP;"Dep Federal";4431;"LUANA DA AUTO ESCOLA";FEMININO;PARDA;0;0;0;0;0;602
AVANTE;"Dep Federal";7070;"CHIQUINHO BRAZÃO";MASCULINO;BRANCA;284375;0;407000;2500;409500;25817
PPL;"Dep Federal";5414;"CLAUDIA MARTA DA SAUDE";FEMININO;PRETA;0;0;1100;138;1238;597
PSB;"Dep Federal";4060;"DR. GUSMÃO";MASCULINO;BRANCA;0;0;1000;0;1000;1243
REDE;"Dep Federal";1820;"PR MÁRCIO MATOS";MASCULINO;BRANCA;0;0;400000;4500;404500;25418
PSL;"Dep Federal";1757;"FÁTIMA VALLADARES";FEMININO;PARDA;0;0;3257;0;3257;541
PHS;"Dep Federal";3199;"MARCELO PIUÍ";MASCULINO;PARDA;13;0;150000;300;150300;103
PMN;"Dep Federal";3307;"MARCELO CERQUEIRA";MASCULINO;BRANCA;0;0;1800;0;1800;475
PDT;"Dep Federal";1299;"ROSANA VICENTE";FEMININO;PRETA;0;0;0;1000;1000;109
PDT;"Dep Federal";1234;"PAULO RAMOS";MASCULINO;BRANCA;51946;0;166999;10000;176999;25557
DC;"Dep Federal";2703;"CLAUDIA SANTOS";FEMININO;BRANCA;0;0;0;133;133;215
PRP;"Dep Federal";4429;"BETO LIMA";MASCULINO;PRETA;0;0;0;0;0;360
PATRI;"Dep Federal";5183;"JOSELIA TAVARES";FEMININO;BRANCA;0;0;0;0;0;94
NOVO;"Dep Federal";3021;"GISELLE GOMES";FEMININO;PARDA;0;0;29653;1099;31062;7845
PHS;"Dep Federal";3137;"JUÇARA AGUIAR";FEMININO;BRANCA;0;0;0;200;200;257
PRTB;"Dep Federal";2888;"VALTER VASCONCELOS";MASCULINO;BRANCA;0;0;1000;0;1000;1548
PR;"Dep Federal";2211;"EDUARDO AMORIM";MASCULINO;BRANCA;0;0;10000;0;10000;501
PPL;"Dep Federal";5464;"NANCY LINO";FEMININO;PRETA;0;0;1100;0;1100;360
PRB;"Dep Federal";1000;"MARCELO CRIVELLA FILHO ";MASCULINO;BRANCA;279892;0;700000;95897;795897;35677
PDT;"Dep Federal";1205;"DAMIAO BRAGA";MASCULINO;PRETA;0;0;0;0;0;391
PATRI;"Dep Federal";5129;"NILSON LOPES";MASCULINO;PRETA;0;0;0;0;0;359
PV;"Dep Federal";4333;"DANIEL MARQUES ";MASCULINO;BRANCA;21975;0;53382;21203;74586;8559
PDT;"Dep Federal";1221;"JAMIL SABRA NETO";MASCULINO;BRANCA;0;0;49350;7900;57250;8404
SOLIDARIEDADE;"Dep Federal";7770;ZOINHO;MASCULINO;PARDA;22955;0;100000;1400;101400;7105
AVANTE;"Dep Federal";7003;"ROSANGELA LIMA";FEMININO;PRETA;0;0;0;0;0;362
PV;"Dep Federal";4310;AIDA;FEMININO;BRANCA;4891;0;23500;2663;26163;1615
PTC;"Dep Federal";3663;"RAFAEL SOARES";MASCULINO;PARDA;0;0;0;0;0;593
SOLIDARIEDADE;"Dep Federal";7715;"PASTOR FLAVIO CAJUEIRO";MASCULINO;PARDA;0;0;0;270;270;2376
PHS;"Dep Federal";3108;"RODRIGO PEREIRA ";MASCULINO;PARDA;0;0;0;300;300;434
PDT;"Dep Federal";1223;ABELARDINHO;MASCULINO;BRANCA;0;0;78090;7646;85736;9450
PHS;"Dep Federal";3107;"SERGIO PAIVA AMERICA";MASCULINO;BRANCA;0;0;360;300;660;1638
PDT;"Dep Federal";1267;"PAULINHO LEOPOLDO";MASCULINO;BRANCA;0;0;0;0;0;1273
PRP;"Dep Federal";4467;"ANTONIO JOSÉ";MASCULINO;BRANCA;0;0;4117;0;4117;1921
PATRI;"Dep Federal";5125;"ROSALI BALCÃO";FEMININO;PRETA;0;0;2000;0;2000;397
PSC;"Dep Federal";2077;"FERNANDAO FERROVIARIO";MASCULINO;PARDA;0;0;0;1610;1610;934
PSOL;"Dep Federal";5006;"JOEL SANTOS ";MASCULINO;PARDA;0;0;13;1432;1445;163
PT;"Dep Federal";1321;"PROFESSOR LEÃO ";MASCULINO;BRANCA;0;0;15000;1130;16130;1311
PSC;"Dep Federal";2063;"PASTORA LENINHA";FEMININO;PARDA;5000;0;5000;1985;6985;142
PPL;"Dep Federal";5471;"CELSO PEDREIRO";MASCULINO;PRETA;0;0;0;138;138;254
PSD;"Dep Federal";5506;BEBEL;FEMININO;PRETA;0;0;0;0;0;349
PT;"Dep Federal";1300;"PAULÃO DA SAUDE ";MASCULINO;PRETA;6013;0;15000;1340;16340;2862
PTB;"Dep Federal";1452;"DR. ZALUAR";MASCULINO;BRANCA;0;30712;75100;0;75100;2212
PSB;"Dep Federal";4050;"FABIO BRUNELLI";MASCULINO;BRANCA;0;0;30000;0;30000;3564
PMB;"Dep Federal";3570;"SERGIO FERREIRA";MASCULINO;BRANCA;0;0;0;1908;1908;1580
PT;"Dep Federal";1399;"LUIZ DANTAS";MASCULINO;PRETA;0;0;0;1130;1130;326
PSC;"Dep Federal";2000;"LUIS MAURO";MASCULINO;PARDA;32000;0;50000;1985;51985;1828
PDT;"Dep Federal";1261;DERSON;MASCULINO;PRETA;0;0;0;1674;1674;1106
PSL;"Dep Federal";1777;"CARLOS JORDY";MASCULINO;PARDA;0;0;46555;5395;51950;204048
PSC;"Dep Federal";2074;"ALEX BRISOLA";MASCULINO;PRETA;0;0;0;1985;1985;1164
PSC;"Dep Federal";2065;"FRANCELINO PAES";MASCULINO;PRETA;0;0;0;1985;1985;371
NOVO;"Dep Federal";3005;"JOMARA KNOFF";FEMININO;BRANCA;0;0;9880;1099;13923;1977
SOLIDARIEDADE;"Dep Federal";7773;"JANETE VIEIRA";FEMININO;PARDA;0;0;2000;1089;3089;577
PV;"Dep Federal";4336;"MARIOZITO BITTENCOURT";MASCULINO;BRANCA;1734;0;4500;135;4635;351
PRTB;"Dep Federal";2887;"GABRIELA ANDRADE";FEMININO;BRANCA;0;0;0;1000;1000;71
PRP;"Dep Federal";4416;"TÉSSIA LÔNICA";FEMININO;BRANCA;0;0;5000;2000;7000;1136
PRTB;"Dep Federal";2810;"FABIO AGUIAR";MASCULINO;PRETA;0;0;520;0;520;1262
PSD;"Dep Federal";5564;"NEINHA POVÃO";FEMININO;PARDA;0;0;0;0;0;466
MDB;"Dep Federal";1515;"VINÍCIUS FARAH";MASCULINO;BRANCA;171511;750;802000;41175;843175;57707
PTC;"Dep Federal";3612;"REGINA TOSTA";FEMININO;PARDA;0;0;0;0;0;226
PP;"Dep Federal";1112;PINHEIRINHO;MASCULINO;BRANCA;0;0;4750;10154;14904;3034
DC;"Dep Federal";2744;"MARCIA GUIMARÃES";FEMININO;BRANCA;0;0;0;66;66;317
AVANTE;"Dep Federal";7012;RUSSO;MASCULINO;BRANCA;0;0;204820;13233;218053;21194
AVANTE;"Dep Federal";7026;"OTOJANES FILHO";MASCULINO;PARDA;0;0;40000;0;40000;12917
PRTB;"Dep Federal";2812;"ABILIO MACIEL";MASCULINO;BRANCA;0;0;0;1380;1380;2785
PSDB;"Dep Federal";4525;"TERESA BERGHER";FEMININO;BRANCA;163521;0;338505;19835;358341;37366
PRTB;"Dep Federal";2890;"ROSANA NASCIMENTO";FEMININO;PARDA;0;0;450;2917;3367;826
AVANTE;"Dep Federal";7006;"ANA MASCARENHAS ";FEMININO;PRETA;0;0;15200;0;15200;239
DC;"Dep Federal";2714;"LUCIA CABELEIREIRA";FEMININO;BRANCA;0;0;0;0;0;164
PSL;"Dep Federal";1782;"PAULA PORTO";FEMININO;PARDA;0;0;4577;393;4970;811
PP;"Dep Federal";1124;"BARBARA SHELDON";FEMININO;PRETA;0;0;14500;154;14654;729
PSL;"Dep Federal";1789;"LOURIVAL GOMES";MASCULINO;PARDA;0;0;200000;1200;201200;41307
PRTB;"Dep Federal";2891;"PROF. BRUNO NASCIMENTO";MASCULINO;BRANCA;0;0;2000;1380;3380;1882
PDT;"Dep Federal";1288;"CRISTIAN CALL";MASCULINO;BRANCA;0;0;20000;481;20481;819
PRB;"Dep Federal";1060;"ADILSON PADRINHO";MASCULINO;BRANCA;0;0;0;0;0;422
PRP;"Dep Federal";4434;"CLEMENTINO SANTOS";MASCULINO;BRANCA;0;0;2300;6200;8500;699
REDE;"Dep Federal";1802;ESPETO;MASCULINO;PRETA;0;0;0;0;0;1348
PHS;"Dep Federal";3129;"LAUDEMIR REIS";MASCULINO;PARDA;0;0;1060;300;1360;939
MDB;"Dep Federal";1580;"LEONARDO PICCIANI";MASCULINO;BRANCA;328865;0;1650000;18583;1668583;38665
PT;"Dep Federal";1347;"ROGERIA CARVALHO";FEMININO;PARDA;0;0;0;1390;1390;93
SOLIDARIEDADE;"Dep Federal";7733;AUREO;MASCULINO;BRANCA;522681;0;1701349;20643;1721993;68414
PHS;"Dep Federal";3113;"DR. MARCELO REIS ";MASCULINO;BRANCA;0;0;6500;300;6800;1462
PMB;"Dep Federal";3505;"TIO XANDY";MASCULINO;BRANCA;0;0;0;0;0;1672
DC;"Dep Federal";2787;"CARLOTA SANTOS";FEMININO;PRETA;0;0;0;133;133;186
PP;"Dep Federal";1155;"CHRISTINO AUREO";MASCULINO;BRANCA;618690;0;1262040;35863;1297903;47101
PDT;"Dep Federal";1255;"NIVALDO PESSANHA";MASCULINO;BRANCA;0;0;1338;5500;6838;3362
PDT;"Dep Federal";1212;"FERNANDO LOPES";MASCULINO;BRANCA;0;0;83022;7200;90222;6389
PODE;"Dep Federal";1988;"PEDRO CANELLAS";MASCULINO;BRANCA;0;0;31833;2270;34103;4394
PPL;"Dep Federal";5461;"FABIO CORDEIRO";MASCULINO;PARDA;0;0;0;1000;1000;1500
PTB;"Dep Federal";1400;DRIGÃO;MASCULINO;BRANCA;119411;0;350000;0;350000;3384
PSB;"Dep Federal";4001;"HUGO BOAVENTURA";MASCULINO;BRANCA;0;0;0;0;0;897
PRP;"Dep Federal";4439;AMBROZIONI;MASCULINO;BRANCA;0;0;3740;0;3740;1170
NOVO;"Dep Federal";3018;"TATI PINHEIRO";FEMININO;BRANCA;0;0;6230;1099;7459;2058
AVANTE;"Dep Federal";7001;"DR. JOSEMAR";MASCULINO;BRANCA;0;0;2600;0;2600;2158
PRP;"Dep Federal";4402;"ONILDO RAMOS";MASCULINO;PARDA;0;0;0;0;0;968
PHS;"Dep Federal";3117;"WALLACE SACRA ";MASCULINO;PRETA;0;0;0;300;300;408
PTC;"Dep Federal";3613;"VANDERLEI FERNANDES";MASCULINO;BRANCA;0;0;0;0;0;342
PSC;"Dep Federal";2027;"DINY MENEZES DO ACARAJE";FEMININO;PARDA;0;0;0;75;75;144
PMB;"Dep Federal";3517;"CARLINHOS VILANOVA";MASCULINO;BRANCA;0;0;0;0;0;1037
PP;"Dep Federal";1122;"MÔNICA MELLO";FEMININO;PARDA;0;0;10000;6600;16600;751
PSC;"Dep Federal";2026;"ALEXANDRE VIEIRA";MASCULINO;PARDA;0;0;0;1985;1985;767
PT;"Dep Federal";1331;"PSICOLOGO MARINALDO ";MASCULINO;PRETA;0;0;16850;1130;17980;1629
DEM;"Dep Federal";2520;"MARCO FURTADO";MASCULINO;PARDA;0;0;0;0;0;1694
PHS;"Dep Federal";3185;"ALEXANDRINA FALCÃO";FEMININO;BRANCA;0;0;0;200;200;1598
PRTB;"Dep Federal";2893;"CABO MARA DA SAÚDE";FEMININO;PARDA;0;0;0;0;0;2426
PODE;"Dep Federal";1921;"IRMÃO ELIEZER FRUTUOSO";MASCULINO;BRANCA;0;0;0;69;69;612
DEM;"Dep Federal";2510;"ROBERTO SALES";MASCULINO;PARDA;232119;0;940000;1672;941672;14293
PSL;"Dep Federal";1708;"ALTAISA TEIXEIRA";FEMININO;PARDA;0;0;2857;393;3250;1128
PODE;"Dep Federal";1940;"ALEX DIAS DE FARIA";MASCULINO;BRANCA;0;0;176;0;176;1189
REDE;"Dep Federal";1877;"FABRICIO LIRIO";MASCULINO;PARDA;0;0;10600;0;10600;1501
PPL;"Dep Federal";5422;"REGINALDO GUEDES";MASCULINO;PARDA;0;0;0;1500;1500;87
PDT;"Dep Federal";1296;"NILDA HELIO";FEMININO;PRETA;0;0;10000;1186;11186;411
PSD;"Dep Federal";5512;"ANDERSON DA SAÚDE";MASCULINO;BRANCA;0;0;5960;0;5960;1906
PSD;"Dep Federal";5513;"DR. VELOSO";MASCULINO;BRANCA;0;0;0;0;0;5174
REDE;"Dep Federal";1801;"MARIVALDO SILVERIO";MASCULINO;PRETA;0;0;0;0;0;305
PSC;"Dep Federal";2075;"TIA CÉLIA";FEMININO;PRETA;0;0;0;1797;1797;1686
PR;"Dep Federal";2269;"ALTINEU CORTES";MASCULINO;PARDA;263915;0;1230000;0;1230000;55367
PMB;"Dep Federal";3556;"DRICA COLORIDA";FEMININO;BRANCA;0;0;4050;0;4050;229
PRB;"Dep Federal";1027;LURDES;FEMININO;PARDA;0;0;0;1529;1529;201
PT;"Dep Federal";1389;"ROSE DA SILVA ";FEMININO;PRETA;0;0;10720;1520;12240;169
AVANTE;"Dep Federal";7034;"ISMAEL TORQUATO";MASCULINO;PARDA;0;0;0;0;0;689
PP;"Dep Federal";1190;"VICTOR POUBEL";MASCULINO;BRANCA;0;0;411020;0;411020;4789
PSD;"Dep Federal";5507;"MORGANA RODRIGUES";FEMININO;BRANCA;0;0;0;0;0;159
PHS;"Dep Federal";3133;"MAURICIO LOPES";MASCULINO;PARDA;0;0;30000;0;30000;9561
PRTB;"Dep Federal";2837;"LUCIANA FAÍSCA";FEMININO;PRETA;0;0;0;1000;1000;61
AVANTE;"Dep Federal";7045;"PEDREGAL ";MASCULINO;BRANCA;0;0;0;0;0;3626
PDT;"Dep Federal";1202;"PROF. NIEMEYER";MASCULINO;BRANCA;0;0;10500;0;10500;1609
PMB;"Dep Federal";3555;"ENG. ANTONIO FERREIRA";MASCULINO;PARDA;0;0;0;0;0;370
PHS;"Dep Federal";3155;"HELIL CARDOSO";MASCULINO;BRANCA;0;0;0;300;300;1083
SOLIDARIEDADE;"Dep Federal";7776;"WELLINGTON VICENTE";MASCULINO;PARDA;0;0;0;0;0;2386
AVANTE;"Dep Federal";7046;"DILCEMAR FERREIRA";FEMININO;PARDA;0;0;0;0;0;74
PRP;"Dep Federal";4462;"JULIO FORTES";MASCULINO;PARDA;0;0;0;0;0;267
PSD;"Dep Federal";5545;"ANDREIA ZITO";FEMININO;PARDA;90117;0;818000;14800;832800;17302
PSL;"Dep Federal";1764;"SARGENTO ETIENE";FEMININO;BRANCA;0;0;3177;393;3570;2830
PMB;"Dep Federal";3530;"MARLON IQUEDA";MASCULINO;BRANCA;0;0;150;832;982;1003
PSC;"Dep Federal";2032;"CLAUDIA MARQUES";FEMININO;BRANCA;0;0;900;1685;2585;269
PMB;"Dep Federal";3545;"ISABEL CRISTINA";FEMININO;PARDA;0;0;0;0;0;218
PPL;"Dep Federal";5441;"EROCI PEREIRA";MASCULINO;BRANCA;0;0;0;138;138;392
PTC;"Dep Federal";3620;"JENNIFER ARAUJO";FEMININO;PRETA;0;0;0;0;0;31
PSD;"Dep Federal";5565;"BETO MOREIRA";MASCULINO;PARDA;0;0;0;0;0;1262
PSD;"Dep Federal";5514;"JAQUELINE GOMES";FEMININO;PARDA;0;0;0;0;0;61
PRTB;"Dep Federal";2889;"LUCIO ARRUDA";MASCULINO;PARDA;0;0;3740;224;3964;1307
PRB;"Dep Federal";1011;"JORGE BRAZ ";MASCULINO;PARDA;190960;0;340000;96950;436950;58113
PHS;"Dep Federal";3192;"FERNANDO ROSEIRA GAMA";MASCULINO;PARDA;0;0;0;300;300;48
PHS;"Dep Federal";3122;CARLÃO;MASCULINO;BRANCA;0;0;0;300;300;1956
AVANTE;"Dep Federal";7078;"ALMIR JÓIA";MASCULINO;BRANCA;0;0;4000;4300;8300;8474
PATRI;"Dep Federal";5101;"ALENCAR DACIOLO";MASCULINO;PARDA;200000;114173;408000;0;408000;10997
PSD;"Dep Federal";5544;"DEBORA OLIVEIRA";FEMININO;BRANCA;78961;0;400180;1000;401180;1622
PRP;"Dep Federal";4464;"LUCIO DE DEUS";MASCULINO;BRANCA;0;0;0;0;0;278
PSOL;"Dep Federal";5007;"NILTON DOS ANJOS";MASCULINO;BRANCA;0;0;3250;1432;4682;3370
PRB;"Dep Federal";1018;"AUGUSTO CESAR";MASCULINO;BRANCA;0;0;3680;3118;6798;531
PPL;"Dep Federal";5432;"ALOISIO DO BAR";MASCULINO;BRANCA;0;0;300;0;300;468
PSDB;"Dep Federal";4522;"AUZILENE TANAKA ";FEMININO;PARDA;0;0;20000;3518;23518;590
DEM;"Dep Federal";2533;"MARCOS SOARES";MASCULINO;BRANCA;125558;0;1206000;6000;1212000;44262
PRP;"Dep Federal";4479;"CLÁUDIA VERISSIMO";FEMININO;BRANCA;0;0;3000;762;3762;192
PTB;"Dep Federal";1412;ZICO;MASCULINO;BRANCA;0;0;250000;14616;264616;19632
PSD;"Dep Federal";5572;"GUÉ DA NOVA AURORA";MASCULINO;PRETA;0;0;300;32400;32700;1467
PROS;"Dep Federal";9022;"ROGÉRIO DO SALÃO";MASCULINO;BRANCA;0;0;44500;1899;46399;5165
PTC;"Dep Federal";3655;"MARCIO GREEN";MASCULINO;BRANCA;0;0;20937;900;21837;5632
PMN;"Dep Federal";3378;"BÚ IVAN VERLY";MASCULINO;PARDA;0;0;0;0;0;967
PPL;"Dep Federal";5415;"GILBERTO PECUNHA";MASCULINO;BRANCA;0;0;1000;0;1000;1492
PRP;"Dep Federal";4461;"ASSIS DA MEDIAÇÃO";MASCULINO;BRANCA;0;0;0;0;0;498
PRB;"Dep Federal";1070;"KARAO ";MASCULINO;BRANCA;0;0;0;0;0;414
PSD;"Dep Federal";5599;"CONSUELO MACHADO";FEMININO;BRANCA;0;0;874;0;874;969
PTC;"Dep Federal";3670;"PASTOR DIONE";MASCULINO;BRANCA;0;0;0;0;0;2025
PSD;"Dep Federal";5504;"LEILA DO GÁS";FEMININO;BRANCA;0;0;0;0;0;1277
PROS;"Dep Federal";9068;"NININHO DA MARÉ";MASCULINO;PRETA;0;0;3000;0;3000;578
PRP;"Dep Federal";4485;"ARTHUR ARAUJO";MASCULINO;BRANCA;0;0;0;0;0;648
SOLIDARIEDADE;"Dep Federal";7755;"MARCIO ANDRADE";MASCULINO;PARDA;0;0;68200;0;68200;4427
PT;"Dep Federal";1333;"REIMONT ";MASCULINO;BRANCA;209695;0;580170;0;580170;24509
PRTB;"Dep Federal";2836;ITA;FEMININO;PRETA;0;0;0;1000;1000;44
PR;"Dep Federal";2203;"ALFINHO PINHEIRO";MASCULINO;PARDA;0;4935;10000;0;10000;193
PSL;"Dep Federal";1729;"CRISTIANE CARVALHO";FEMININO;PARDA;0;0;2857;0;2857;2423
PRP;"Dep Federal";4423;HUGUINHO;MASCULINO;BRANCA;0;0;26300;1460;27760;5620
SOLIDARIEDADE;"Dep Federal";7722;"T C EDSON";MASCULINO;PARDA;0;0;4000;2535;6535;1817
PSOL;"Dep Federal";5051;BABÁ;MASCULINO;PARDA;55354;0;89815;7515;97330;2853
PMB;"Dep Federal";3502;"JORGINHO TUROLLA";MASCULINO;BRANCA;0;0;0;0;0;965
MDB;"Dep Federal";1568;"JÔ BENEDITO";FEMININO;PRETA;0;0;15000;207;15207;820
PSC;"Dep Federal";2036;MACABU;MASCULINO;PARDA;13;0;10000;1985;11985;739
PSL;"Dep Federal";1702;"COMANDANTE SARMENTO";MASCULINO;PARDA;0;0;500;0;500;11659
PRTB;"Dep Federal";2899;"ADILIO SARAIVA";MASCULINO;PARDA;0;0;1464;3580;5044;1251
PDT;"Dep Federal";1242;"LIVIA OLIVEIRA";FEMININO;BRANCA;0;0;10000;1186;11186;484
PODE;"Dep Federal";1922;"J. NONATO";MASCULINO;BRANCA;0;0;0;0;0;575
PRTB;"Dep Federal";2845;"T.CORONEL BUSNELLO";MASCULINO;BRANCA;0;0;36289;1380;37669;15768
DC;"Dep Federal";2706;"LOBÃO DO KARAOKE";MASCULINO;BRANCA;0;0;0;0;0;174
PSC;"Dep Federal";2002;"VICTOR DE ALMEIDA";MASCULINO;BRANCA;0;0;0;1685;1685;704
PSOL;"Dep Federal";5024;"LUIZ CARLOS CASADO";MASCULINO;BRANCA;0;0;0;0;0;191
MDB;"Dep Federal";1555;"ANDRÉ LAZARONI";MASCULINO;BRANCA;692133;0;1234114;0;1234114;28783
PSD;"Dep Federal";5518;"LILIAN ANACLETO";FEMININO;PARDA;0;0;360000;0;360000;874
PRB;"Dep Federal";1005;"ALESSANDO SB SALVA BRASIL";MASCULINO;BRANCA;0;0;0;1619;1619;147
PSL;"Dep Federal";1701;"PROFESSOR FRANKLIN SANTOS";MASCULINO;PARDA;0;0;16400;2000;18400;13279
PHS;"Dep Federal";3121;"TEREZINHA APARECIDA ";FEMININO;BRANCA;0;0;3000;200;3200;108
PRTB;"Dep Federal";2860;"MARCO ANDRÉ";MASCULINO;PARDA;0;0;0;750;750;646
PSOL;"Dep Federal";5002;"LUCIANA ARAUJO";FEMININO;BRANCA;0;0;0;2877;2877;230
PSOL;"Dep Federal";5005;"JEAN WYLLYS";MASCULINO;PRETA;278548;0;388936;28875;417811;24295
SOLIDARIEDADE;"Dep Federal";7711;"DELEGADO FEDERAL MARCELO";MASCULINO;PARDA;0;0;15000;0;15000;1280
PMN;"Dep Federal";3344;"ALEX DA ACADEMIA";MASCULINO;BRANCA;0;0;0;0;0;532
MDB;"Dep Federal";1577;"MARCO ANTÔNIO CABRAL";MASCULINO;BRANCA;1540901;0;1942691;1350;1944041;19659
PRTB;"Dep Federal";2826;"PROFESSORA  AMANDALA";FEMININO;PRETA;0;0;0;2380;2380;688
PODE;"Dep Federal";1996;"ELAINE MATTOS";FEMININO;PARDA;0;0;0;0;0;32
PHS;"Dep Federal";3178;SPIFF;MASCULINO;PARDA;0;0;0;300;300;2069
SOLIDARIEDADE;"Dep Federal";7789;"ELENICE ALVES";FEMININO;PARDA;0;0;0;3000;3000;432
PMN;"Dep Federal";3369;"GABRIEL LEYENDECKER";MASCULINO;PARDA;0;0;0;1475;1475;526
AVANTE;"Dep Federal";7010;" BENEVENUTO";MASCULINO;BRANCA;0;0;28000;750;28750;1279
PPL;"Dep Federal";5404;"VAL  MARTINS";FEMININO;PARDA;0;0;0;0;0;25
PSC;"Dep Federal";2008;"JAILTON DO NASCIMENTO";MASCULINO;BRANCA;0;0;0;75;75;378
PMN;"Dep Federal";3319;"MAYGON NUNES";MASCULINO;PARDA;0;0;0;0;0;252
PRB;"Dep Federal";1002;"MOISÉS - GENTE DA GENTE";MASCULINO;PRETA;0;0;0;5537;5537;859
NOVO;"Dep Federal";3010;"DRA. CÍNTIA JOSANE";FEMININO;BRANCA;0;0;3000;1099;4099;4663
PSB;"Dep Federal";4061;"ALEXANDRE MIRANDA";MASCULINO;PARDA;0;0;2360;0;2360;318
PRP;"Dep Federal";4455;"ZÉ NINGUÉM";MASCULINO;PARDA;0;0;4000;800;4800;2897
PPS;"Dep Federal";2351;"ANDINHO DO GAS";MASCULINO;PARDA;9000;0;15000;1061;16061;833
PSOL;"Dep Federal";5036;"ENFERMEIRA ISABEL VIEIRA";FEMININO;PRETA;0;0;295;3308;3603;484
PDT;"Dep Federal";1237;"ALEX CHUVAS";MASCULINO;BRANCA;0;0;0;0;0;662
PRP;"Dep Federal";4418;"RONALDO RUSSO";MASCULINO;BRANCA;0;0;6220;0;6220;1363
PRB;"Dep Federal";1046;"NAZINHA DO POVO";FEMININO;PRETA;0;0;0;982;982;77
PSC;"Dep Federal";2010;"PROFESSOR JOAO NEVES";MASCULINO;BRANCA;0;0;10300;1985;12285;3153
PSL;"Dep Federal";1716;"PROFESSOR JOZIEL";MASCULINO;PRETA;0;0;39580;39;39619;34274
PSOL;"Dep Federal";5025;"ANDRÉ TENREIRO ";MASCULINO;BRANCA;0;0;5432;3127;8559;436
DEM;"Dep Federal";2535;"DR. DIMAS GADELHA";MASCULINO;PARDA;72043;0;150500;54433;204933;16068
PSD;"Dep Federal";5566;"ELISEU KESSLER";MASCULINO;BRANCA;93734;0;224700;0;224700;10848
PPS;"Dep Federal";2313;"PR CLAUDINA TAVARES";FEMININO;BRANCA;0;0;20000;154;20154;587
PSOL;"Dep Federal";5060;"JULLIA TURRINI";FEMININO;BRANCA;3845;0;7528;8649;16177;662
PT;"Dep Federal";1369;"GERALDO MENESES";MASCULINO;BRANCA;0;0;15000;1130;16130;209
PODE;"Dep Federal";1944;"PAULO SERRAZANI";MASCULINO;BRANCA;0;0;200;69;269;576
PSD;"Dep Federal";5534;"RICARDO GENTE BOA";MASCULINO;BRANCA;0;0;0;0;0;654
PHS;"Dep Federal";3135;"DRA. LUCIA LOPES ";FEMININO;PARDA;0;0;5000;200;5200;643
DC;"Dep Federal";2726;"PEDRINHO DO CARTEIRO AMIGO";MASCULINO;PARDA;0;0;15000;0;15000;1669
PR;"Dep Federal";2205;"ELBA BARCELLOS";FEMININO;BRANCA;0;0;20000;0;20000;145
PRB;"Dep Federal";1048;"TEREZA DO MTM";FEMININO;PARDA;0;0;0;1372;1372;87
PRB;"Dep Federal";1007;"DR. TADEU SILVA";MASCULINO;PRETA;0;0;5000;3695;8695;1524
PHS;"Dep Federal";3106;"MARIA DE FATIMA ";FEMININO;AMARELA;0;0;3000;200;3200;158
PSL;"Dep Federal";1775;"PEDRO WERNECK";MASCULINO;PARDA;0;0;15950;0;15950;5725
DC;"Dep Federal";2701;DIDI;MASCULINO;PRETA;0;0;0;0;0;497
PRB;"Dep Federal";1006;DONINA;FEMININO;BRANCA;0;0;0;666;666;83
PODE;"Dep Federal";1929;"LINS CERQUEIRA";MASCULINO;BRANCA;0;0;0;69;69;574
NOVO;"Dep Federal";3040;"RODRIGO BOROBIA E BOROBIA";MASCULINO;BRANCA;0;0;27634;1099;29914;4697
PMN;"Dep Federal";3321;"VANESSA FELIPPE";FEMININO;BRANCA;38294;0;650000;1080;651080;1957
PATRI;"Dep Federal";5156;"CARLINHA DE OLIVEIRA";FEMININO;PARDA;0;0;3500;0;3500;703
PHS;"Dep Federal";3119;"ENOCK AMARAL";MASCULINO;BRANCA;0;0;28612;300;28912;8360
PV;"Dep Federal";4334;"MAURILIO TELEMARKETING";MASCULINO;PRETA;0;0;4500;2308;6808;176
PTC;"Dep Federal";3677;"MARCUS ATHILA";MASCULINO;BRANCA;0;0;0;0;0;1890
PDT;"Dep Federal";1239;"MARIO AVELINO";MASCULINO;BRANCA;0;0;51860;500;52360;1007
PHS;"Dep Federal";3186;"ROSANE DURÃES DA SAÚDE";FEMININO;PARDA;1000;0;3000;200;3200;288
PRP;"Dep Federal";4406;"MISSIONARIA NAZARÉ MENDONÇA";FEMININO;PARDA;0;0;0;0;0;294
PSC;"Dep Federal";2014;"PASTOR ADRIANO SILVA";MASCULINO;PARDA;0;0;0;1535;1535;475
PTB;"Dep Federal";1420;LIL;MASCULINO;BRANCA;39900;0;50008;18184;68192;2274
PRB;"Dep Federal";1004;PESSANHA;FEMININO;PARDA;0;0;0;666;666;188
DC;"Dep Federal";2755;"PEDRO BRUM";MASCULINO;BRANCA;0;0;9300;0;9300;1069
PRP;"Dep Federal";4400;"DR LUIS FERNANDO";MASCULINO;BRANCA;0;0;1020;5450;6470;9483
AVANTE;"Dep Federal";7053;"CARLINHOS DO MERCADINHO";MASCULINO;PARDA;0;0;0;0;0;594
"PC do B";"Dep Federal";6501;"CARLOS AUGUSTO ";MASCULINO;PRETA;0;0;0;1500;1500;338
PRP;"Dep Federal";4419;"DOMINGOS FREITAS";MASCULINO;PARDA;0;0;0;0;0;1218
PROS;"Dep Federal";9090;"FELIPE BORNIER";MASCULINO;BRANCA;602679;374142;1086056;178126;1264182;18775
PR;"Dep Federal";2245;"CHICO DANTAS";MASCULINO;BRANCA;0;0;10000;0;10000;522
PDT;"Dep Federal";1245;"ROQUE CERQUEIRA";MASCULINO;BRANCA;0;0;35000;19608;54608;5005
DC;"Dep Federal";2721;"MARCELLO TOMMASI";MASCULINO;BRANCA;0;0;0;0;0;233
PRP;"Dep Federal";4404;"GILSON CUNHA";MASCULINO;BRANCA;0;0;0;0;0;2994
AVANTE;"Dep Federal";7077;"MC DOCA";MASCULINO;PRETA;5130;0;50000;3750;53750;2862
MDB;"Dep Federal";1505;"ÁTILA A. NUNES";MASCULINO;BRANCA;495039;0;1500000;706;1500706;17208
REDE;"Dep Federal";1843;"RAFAEL ADONIS";MASCULINO;BRANCA;0;0;2430;1908;4338;1180
PSC;"Dep Federal";2050;"OTONI DE PAULA";MASCULINO;PARDA;20033;0;272876;1175;274051;120498
AVANTE;"Dep Federal";7008;"EDSON BAÍGA ";MASCULINO;PRETA;0;0;0;0;0;2215
PRTB;"Dep Federal";2885;"FÁBIO DA PAZ";MASCULINO;BRANCA;0;0;0;0;0;1212
PDT;"Dep Federal";1233;"GLAUCO KAIZER";MASCULINO;BRANCA;0;0;17750;0;17750;5966
PSL;"Dep Federal";1707;"CHAGAS BOLA";MASCULINO;PARDA;0;0;60000;1965;61965;28135
PTC;"Dep Federal";3615;"LUIZ JEQUITINHANHO";MASCULINO;PARDA;0;0;0;0;0;459
PRB;"Dep Federal";1040;"DR. CARLOS LEITE";MASCULINO;BRANCA;0;0;0;1763;1763;340
SOLIDARIEDADE;"Dep Federal";7799;"MIRIA DA AGRICULTURA";FEMININO;PARDA;0;0;7800;0;7800;639
PRP;"Dep Federal";4492;"CLAUDIA JUÇARA";FEMININO;PRETA;0;0;0;300;300;77
PDT;"Dep Federal";1216;"ESMERALDA FURTADO";FEMININO;PARDA;0;0;10000;1186;11186;1023
PTB;"Dep Federal";1455;"LEONARDO MELLO";MASCULINO;BRANCA;0;0;4350;7598;11948;1680
PHS;"Dep Federal";3154;"NANA WAYND";FEMININO;PARDA;0;0;3000;200;3200;479
PSDB;"Dep Federal";4523;"ANDRE RICARDO";MASCULINO;BRANCA;0;0;1350;135;1485;1105
PSOL;"Dep Federal";5015;"CARLOS BEKO";MASCULINO;PRETA;0;0;0;2024;2024;374
PRTB;"Dep Federal";2882;"PAULO FERREIRA";MASCULINO;PARDA;0;0;0;0;0;3103
PSC;"Dep Federal";2015;"TIAGO PRATES";MASCULINO;PARDA;0;0;4500;0;4500;2328
PRP;"Dep Federal";4490;"FRANCIANE CAMPOS";FEMININO;BRANCA;0;0;1000;600;1600;275
NOVO;"Dep Federal";3050;ROJAS;MASCULINO;BRANCA;0;0;13400;1099;14499;1912
PSDB;"Dep Federal";4520;"MISAIAS MACHADO";MASCULINO;BRANCA;90;0;104950;0;104950;4700
PODE;"Dep Federal";1900;"FLAVIO PACHECO";MASCULINO;BRANCA;0;0;0;0;0;1770
AVANTE;"Dep Federal";7099;ABIGUAR;MASCULINO;PRETA;0;0;0;1454;1454;1291
PATRI;"Dep Federal";5193;"JUNIOR BOMBEIRO";MASCULINO;PARDA;0;0;600;0;600;1260
AVANTE;"Dep Federal";7000;"DR REGIS";MASCULINO;BRANCA;0;0;4760;154;4914;1251
PSB;"Dep Federal";4077;"CÁSSIA MARTINS";FEMININO;BRANCA;0;0;8000;0;8000;193
PHS;"Dep Federal";3103;"DU NORTE";MASCULINO;PARDA;0;0;0;300;300;402
PRB;"Dep Federal";1098;"MARLENE LOPES";FEMININO;PRETA;0;0;0;1875;1875;127
PTC;"Dep Federal";3651;ALEX;MASCULINO;PARDA;0;0;0;0;0;1484
PRP;"Dep Federal";4412;"JOÃO CARLOS - JK";MASCULINO;BRANCA;0;0;700;0;700;1341
PT;"Dep Federal";1350;"JOSÉ MARIA RANGEL";MASCULINO;BRANCA;75955;0;495924;1345;497269;20591
PHS;"Dep Federal";3131;"CARLINHO PRESIDENTE";MASCULINO;PARDA;0;0;11100;0;11100;3964
PHS;"Dep Federal";3118;"PROF. MANHÃES";MASCULINO;BRANCA;0;0;0;300;300;1483
SOLIDARIEDADE;"Dep Federal";7705;"MARILENE DIAS";FEMININO;PARDA;0;2865;2865;2865;5730;190
PRTB;"Dep Federal";2829;"MARCELO DO TAXI";MASCULINO;BRANCA;0;0;0;1390;1390;2871
PRP;"Dep Federal";4474;"GIL VIDAL";MASCULINO;PARDA;0;0;4612;2279;6891;1055
PV;"Dep Federal";4377;"ALAN MOTA";MASCULINO;BRANCA;23700;0;36920;308;37228;1904
PATRI;"Dep Federal";5123;"CRISTINA MEL";FEMININO;BRANCA;0;0;21190;0;21190;9882
SOLIDARIEDADE;"Dep Federal";7708;"LUCIANO LEAL TAVARES";MASCULINO;PARDA;0;0;2000;0;2000;4010
PPL;"Dep Federal";5468;"RAFAEL CANAAN";MASCULINO;BRANCA;0;0;300;138;438;64
MDB;"Dep Federal";1512;LECINHO;MASCULINO;BRANCA;82241;0;151000;4297;155297;14912
AVANTE;"Dep Federal";7025;"RAMON MELLO";MASCULINO;BRANCA;1395;0;22000;731;22731;1832
PATRI;"Dep Federal";5104;"ALEXANDRE FERREIRA";MASCULINO;BRANCA;0;0;10;0;10;454
PSL;"Dep Federal";1774;"MARCELO DIAS DO BEM";MASCULINO;PARDA;0;11;14000;0;14000;6655
PHS;"Dep Federal";3165;BEZERRA;MASCULINO;PRETA;0;0;892;300;1192;1193
PSL;"Dep Federal";1780;"CAROLINA LACERDA";FEMININO;PARDA;0;0;2857;393;3250;6010
PRP;"Dep Federal";4433;"DR. FERNANDO";MASCULINO;PARDA;0;0;5000;0;5000;4496
PPL;"Dep Federal";5477;VANISE;FEMININO;PRETA;0;0;600;0;600;121
MDB;"Dep Federal";1522;"WILSON PERNA TORTA";MASCULINO;PRETA;0;0;30000;237;30237;1011
PSD;"Dep Federal";5581;"TEREZA DA MARIÇABA";FEMININO;BRANCA;0;0;1400;385;1785;1294
PPL;"Dep Federal";5430;"JORGE MARQUES";MASCULINO;PRETA;0;0;0;0;0;88
REDE;"Dep Federal";1819;"SOLANGE PACHECO";FEMININO;PRETA;0;0;3300;954;4254;352
PMB;"Dep Federal";3560;"CELITA REZENDE";FEMININO;PRETA;0;0;0;0;0;195
PRTB;"Dep Federal";2824;DALBONIO;MASCULINO;PARDA;0;0;0;0;0;2849
PSD;"Dep Federal";5596;"CARLOS HENRIQUE";MASCULINO;BRANCA;0;0;2325;0;2325;2169
DEM;"Dep Federal";2518;"SILVIA ARÃO";FEMININO;PRETA;0;0;0;3598;3598;2929
PRB;"Dep Federal";1014;"CELSO RODRIGUES (CELSINHO)";MASCULINO;BRANCA;0;0;0;7332;7332;658
PPS;"Dep Federal";2344;JUECIO;MASCULINO;BRANCA;0;0;15000;347;15347;988
PRB;"Dep Federal";1017;"MARCIO PINTO";MASCULINO;BRANCA;650;0;52000;9910;61910;1231
PSL;"Dep Federal";1723;"PR. ALEX CONÇALVES";MASCULINO;BRANCA;0;0;27000;2500;29500;22156
PSOL;"Dep Federal";5052;"PAULO VIEIRA";MASCULINO;BRANCA;0;0;0;0;0;99
PSDB;"Dep Federal";4563;"AURELIO VALPORTO";MASCULINO;BRANCA;0;0;99510;0;99510;1662
NOVO;"Dep Federal";3007;"JERRI ANDRADE PIRES";MASCULINO;BRANCA;0;0;13000;1099;17266;4464
PRP;"Dep Federal";4403;"MARIZETE KUHN";FEMININO;BRANCA;0;0;0;0;0;337
PPL;"Dep Federal";5486;"IRAPUAN SANTOS";MASCULINO;PRETA;0;0;300;0;300;182
PSL;"Dep Federal";1725;"GE VEG COSTA";FEMININO;PRETA;0;0;2857;0;2857;930
PSC;"Dep Federal";2035;"MARCOS ANDRÉ ABENÇOADO";MASCULINO;PARDA;0;0;0;1985;1985;792
PATRI;"Dep Federal";5116;"PAULO CORRÊA";MASCULINO;BRANCA;0;0;8700;900;9600;192
PHS;"Dep Federal";3176;"NEIZINHO IRMÃO";MASCULINO;BRANCA;0;0;1030;300;1330;744
PT;"Dep Federal";1322;"WADIH DAMOUS";MASCULINO;BRANCA;748327;0;1182825;10459;1193284;31160
PSL;"Dep Federal";1756;"LUCIANA RAMOS";FEMININO;PARDA;0;0;2857;0;2857;1527
PRP;"Dep Federal";4409;CIDA;FEMININO;PRETA;0;0;0;300;300;163
PDT;"Dep Federal";1200;"CARLOS ALBERTO CRUZ";MASCULINO;BRANCA;0;0;7064;1190;8254;2292
PSL;"Dep Federal";1751;"JOAQUIM RODRIGUES";MASCULINO;BRANCA;0;0;43340;0;43340;7090
AVANTE;"Dep Federal";7017;"LENILZA MAFORT";FEMININO;BRANCA;0;0;0;0;0;261
PSOL;"Dep Federal";5021;"RODRIGO COSENZA";MASCULINO;BRANCA;0;0;4060;2496;6556;565
PHS;"Dep Federal";3166;"FLAVIA DINIZ ";FEMININO;PARDA;1950;0;3000;200;3200;354
NOVO;"Dep Federal";3022;"IVAN MONTEIRO CARCARA";MASCULINO;BRANCA;0;0;54650;1099;55836;2854
NOVO;"Dep Federal";3001;"MOISÉS QUEIROZ";MASCULINO;BRANCA;0;0;4730;1099;5829;2935
DC;"Dep Federal";2747;"PASTOR ELISAEL MARQUES";MASCULINO;PARDA;0;0;0;0;0;541
PSL;"Dep Federal";1770;ROMMEL;MASCULINO;PARDA;0;0;5000;0;5000;8899
PRTB;"Dep Federal";2865;"CLAY FULY";MASCULINO;BRANCA;0;0;0;0;0;2005
PMB;"Dep Federal";3521;"MARGARETE DA SAUDE";FEMININO;BRANCA;0;0;4000;0;4000;247
PT;"Dep Federal";1327;"AFONSO ALMEIDA";MASCULINO;BRANCA;0;0;0;1130;1130;434
DC;"Dep Federal";2772;"LEOMAR VALENÇA";MASCULINO;BRANCA;0;0;11500;0;11500;2082
PRP;"Dep Federal";4465;ROLAN;MASCULINO;PRETA;0;0;4500;170;4670;1680
PR;"Dep Federal";2222;"SORAYA SANTOS";FEMININO;BRANCA;132319;400658;2400000;6000;2406000;48328
PSB;"Dep Federal";4033;"LISIANE MUTTI";FEMININO;BRANCA;9559;0;100000;0;100000;1042
PRP;"Dep Federal";4470;"CHRISTIAN DE ASSIS";MASCULINO;BRANCA;0;0;0;0;0;0
PT;"Dep Federal";1314;"RODRIGO MENDONÇA ";MASCULINO;PARDA;0;0;0;1130;1130;647
PTB;"Dep Federal";1418;"CARLOS SIQUEIRA";MASCULINO;BRANCA;0;0;14445;6277;20722;1124
DC;"Dep Federal";2757;"ALEXANDRE TREVISAN LUBRA";MASCULINO;BRANCA;0;0;0;0;0;1778
MDB;"Dep Federal";1530;"DANIELLE CUNHA";FEMININO;BRANCA;445124;0;2007000;2700;2009700;13424
PT;"Dep Federal";1320;"ADILSON PIRES";MASCULINO;BRANCA;94125;0;472500;1195;473695;12814
PSDB;"Dep Federal";4577;"VALTAIR CAMPOS";MASCULINO;PARDA;0;0;590;3496;4086;964
PSL;"Dep Federal";1714;"CHRIS TONIETTO";FEMININO;PARDA;0;0;4290;0;4290;38525
PT;"Dep Federal";1370;"DRA LUCIA COSTA";FEMININO;PRETA;5400;0;10013;2780;12794;727
PR;"Dep Federal";2273;"FELICIANO JOSE";MASCULINO;BRANCA;0;0;1925;0;1925;114
SOLIDARIEDADE;"Dep Federal";7797;"CLEIDE OLIVEIRA";FEMININO;PARDA;0;0;0;1000;1000;524
DC;"Dep Federal";2723;"SHEILA BARROSO";FEMININO;BRANCA;0;0;0;0;0;292
PHS;"Dep Federal";3188;"SANDRINHA DA COMUNIDADE";FEMININO;PARDA;0;0;3000;200;3200;119
PRB;"Dep Federal";1021;"DANIEL LIMA";MASCULINO;PARDA;0;0;0;10506;10506;433
PRP;"Dep Federal";4436;VILELA;MASCULINO;BRANCA;0;0;0;0;0;348
PRTB;"Dep Federal";2833;"JIMMY PEREIRA";MASCULINO;BRANCA;0;0;23000;17710;40710;8181
PSD;"Dep Federal";5552;"WILIANS VALENTE";MASCULINO;BRANCA;0;0;0;450;450;609
PMB;"Dep Federal";3510;"PROFESSOR  NOÉ";MASCULINO;BRANCA;0;0;0;0;0;1229
PMN;"Dep Federal";3377;"ARNALDO FREIRE";MASCULINO;BRANCA;2900;0;21500;1160;22660;1963
PPS;"Dep Federal";2333;"CAMILO SEQUEIRA";MASCULINO;BRANCA;0;0;32000;231;32231;753
PSD;"Dep Federal";5517;"MARCO ANTONIO TOTO";MASCULINO;BRANCA;0;0;0;0;0;388
PSC;"Dep Federal";2055;"SILVER OLIVEIRA";FEMININO;PARDA;0;0;0;0;0;898
"PC do B";"Dep Federal";6510;"SERJÃO DO BUMBO";MASCULINO;PRETA;0;0;5230;5573;10803;1362
PDT;"Dep Federal";1214;FELIZZOLA;MASCULINO;BRANCA;0;0;18200;0;18200;380
NOVO;"Dep Federal";3017;SULTANI;MASCULINO;BRANCA;0;0;151798;6600;158398;6100
PHS;"Dep Federal";3153;"ANRIETE DOS TRIGÊMEOS ";FEMININO;BRANCA;0;0;5000;200;5200;1434
PSC;"Dep Federal";2079;"NILTON VIZINHO";MASCULINO;PARDA;0;0;0;0;0;180
PPS;"Dep Federal";2346;"MIRIAM INEZ";FEMININO;PARDA;22655;0;31050;231;31281;591
PP;"Dep Federal";1188;"ALMIR RANGEL";MASCULINO;BRANCA;0;0;0;154;154;1762
PSB;"Dep Federal";4040;"ALESSANDRO MOLON";MASCULINO;BRANCA;484231;0;1402400;10000;1412400;227914
PRB;"Dep Federal";1066;FERREIRA;MASCULINO;BRANCA;0;0;0;0;0;593
PP;"Dep Federal";1100;"LU ROSENTAL";FEMININO;BRANCA;0;0;60000;6925;66925;630
PRTB;"Dep Federal";2808;"ROBINHO PELÉ";MASCULINO;PRETA;0;0;0;1380;1380;769
PHS;"Dep Federal";3191;"MARCOS VASCONCELLOS ";MASCULINO;PARDA;0;0;2700;300;3000;1702
PHS;"Dep Federal";3164;"PEDRO FERREIRA";MASCULINO;PARDA;0;0;0;300;300;243
PHS;"Dep Federal";3198;"GISLAINE MARINHO";FEMININO;BRANCA;0;0;0;200;200;7
MDB;"Dep Federal";1516;"GUTEMBERG REIS";MASCULINO;BRANCA;496988;0;671380;3662;675042;54573
PATRI;"Dep Federal";5192;"ROSE TERRA";FEMININO;PRETA;0;0;3000;0;3000;57
DEM;"Dep Federal";2587;"RODRIGO MAIA";MASCULINO;PARDA;84249;0;1607000;2496;1609496;74232
PSB;"Dep Federal";4024;"ROBERTO MEDINA";MASCULINO;BRANCA;0;0;0;0;0;534
DC;"Dep Federal";2702;"RICARDO SALGADO";MASCULINO;BRANCA;0;0;40000;1600;41600;7686
DEM;"Dep Federal";2509;"CORONEL CARVALHO";MASCULINO;BRANCA;0;0;3000;0;3000;1908
PPS;"Dep Federal";2312;"CHEIRO VERDE";MASCULINO;BRANCA;0;0;15000;258;15258;448
PMN;"Dep Federal";3355;"PERRÉ DA RODOVIÁRIA";MASCULINO;PARDA;0;0;0;0;0;244
DC;"Dep Federal";2777;"DR PAULO RODRIGUES";MASCULINO;BRANCA;0;0;20600;2135;22735;1829
AVANTE;"Dep Federal";7020;"CORONEL GUILHERME MORAES";MASCULINO;BRANCA;0;0;55000;31188;86188;1523
PSL;"Dep Federal";1772;"BAMBAM NAVAL";MASCULINO;PARDA;0;0;1500;1475;2975;5438
PMB;"Dep Federal";3537;"GUYANDIRA OLIVEIRA DE PAULA";FEMININO;PARDA;0;0;0;0;0;85
PPS;"Dep Federal";2345;"JUAN CARLOS";MASCULINO;BRANCA;10544;0;70000;2313;72313;2064
PSL;"Dep Federal";1798;"SARGENTO GURGEL";MASCULINO;PARDA;0;0;42500;3107;45607;62089
AVANTE;"Dep Federal";7015;"HIPÓLITO DOMARCO";MASCULINO;BRANCA;0;0;0;0;0;277
PPL;"Dep Federal";5428;"ZERINHO ZERINHO";MASCULINO;BRANCA;0;0;0;138;138;143
PPL;"Dep Federal";5467;"RAFAEL VALENTE";MASCULINO;PARDA;0;0;0;138;138;271
PPS;"Dep Federal";2323;"MARCELO CALERO";MASCULINO;BRANCA;334800;0;1161705;0;1161705;50533
PDT;"Dep Federal";1226;"NILSON DIFERENTE JUNTO GENTE";MASCULINO;BRANCA;0;0;1170;0;1170;1060
AVANTE;"Dep Federal";7005;"RAQUEL BORGES";FEMININO;BRANCA;7097;0;32000;750;32750;1757
PMB;"Dep Federal";3520;"ISA DA FARMACIA";FEMININO;PRETA;0;0;0;0;0;463
PRTB;"Dep Federal";2880;"SUBTEN SILVA NUNES";MASCULINO;PARDA;0;0;690;2289;2979;858
PHS;"Dep Federal";3180;"AUGUSTO PEREIRA ";MASCULINO;PARDA;0;0;1015;300;1315;1348
PODE;"Dep Federal";1909;"RODRIGO GÊMEOS DO GÁS";MASCULINO;BRANCA;0;0;400;0;400;1387
PRTB;"Dep Federal";2838;"JOÃO FERREIRA";MASCULINO;BRANCA;0;0;40000;0;40000;1640
PSOL;"Dep Federal";5017;"PEDRO CORREA";MASCULINO;BRANCA;0;0;550;0;550;293
AVANTE;"Dep Federal";7079;LAUREANO;MASCULINO;BRANCA;0;0;4000;1289;5289;1576
PDT;"Dep Federal";1240;"EMANUEL GARCIA";MASCULINO;BRANCA;0;0;12000;2718;14718;1509
PSL;"Dep Federal";1710;"ANA CRISTINA";FEMININO;PARDA;0;0;2857;0;2857;3264
NOVO;"Dep Federal";3031;"ROSANNE GARCIA";FEMININO;BRANCA;0;0;7343;1099;8974;3104
PSL;"Dep Federal";1705;"RICARDO PERICAR";MASCULINO;BRANCA;0;0;4000;0;4000;30661
PMB;"Dep Federal";3535;"SUED HAIDAR";FEMININO;PRETA;239653;0;386000;0;386000;5279
PRTB;"Dep Federal";2820;"SEU ANDRADE";MASCULINO;BRANCA;0;0;0;0;0;142
"PC do B";"Dep Federal";6554;"MAZINHO DO SINDICATO";MASCULINO;BRANCA;3930;0;16760;0;16760;8702
PSDB;"Dep Federal";4545;"THEDIM ";MASCULINO;BRANCA;0;0;200000;0;200000;2668
REDE;"Dep Federal";1852;"CATARINA MEIRELLES";FEMININO;BRANCA;0;0;0;0;0;192
PROS;"Dep Federal";9001;"CAPITÃO DURVAL FERREIRA";MASCULINO;BRANCA;0;0;1250;0;1550;1388
PATRI;"Dep Federal";5135;"CESAR MELLO";MASCULINO;BRANCA;0;0;0;0;0;841
PRTB;"Dep Federal";2827;"DIVA GOMES";FEMININO;BRANCA;0;0;225;1491;1716;1493
PSC;"Dep Federal";2020;"FILIPE PEREIRA";MASCULINO;BRANCA;22486;0;350000;56930;406930;14073
PSD;"Dep Federal";5584;"FLAVIA SANTANA";FEMININO;PARDA;0;0;0;0;0;144
NOVO;"Dep Federal";3000;"RICARDO RANGEL";MASCULINO;BRANCA;0;0;385940;1099;394883;22746
PRP;"Dep Federal";4458;"RICARDO DA KAROL";MASCULINO;PARDA;0;0;620000;3500;623500;24951
PSOL;"Dep Federal";5011;"PROFESSORA LECI";FEMININO;PRETA;8765;0;20543;8723;29267;1049
PT;"Dep Federal";1367;"GRAÇA DO PT";FEMININO;BRANCA;0;0;11989;1000;12989;538
DEM;"Dep Federal";2504;"ANDRE MACHADO";MASCULINO;BRANCA;0;0;30000;0;30000;3071
PSC;"Dep Federal";2051;"MOISES MESSIAS";MASCULINO;PARDA;0;0;0;1535;1535;359
PDT;"Dep Federal";1290;"SARGENTO LOPES";MASCULINO;PRETA;0;0;5920;1300;7220;15887
PPS;"Dep Federal";2304;"CARMINHA LIMA";FEMININO;BRANCA;1500;0;20000;154;20154;329
PSL;"Dep Federal";1765;"CLAUS ROHR";MASCULINO;PARDA;0;0;4200;0;4200;6548
PSC;"Dep Federal";2023;"ZAIDA MANHAES";FEMININO;BRANCA;0;0;0;0;0;604
PSL;"Dep Federal";1712;"CLÉBIO LOPES JACARÉ";MASCULINO;PARDA;0;0;324900;101382;426282;16153
DC;"Dep Federal";2791;"MARLI NASCIMENTO";FEMININO;PRETA;0;0;0;0;0;138
DC;"Dep Federal";2780;JACINTA;FEMININO;BRANCA;0;0;0;0;0;85
PSDB;"Dep Federal";4554;"SONIA MARTHA MENEZES ";FEMININO;PARDA;4993;0;8050;4428;12478;198
PSOL;"Dep Federal";5050;"MARCELO FREIXO";MASCULINO;BRANCA;286097;0;436252;65181;501434;342491
DEM;"Dep Federal";2502;"TIA RAQUEL DO SOCIAL";FEMININO;PARDA;0;0;0;1539;1539;1079
PMN;"Dep Federal";3322;"LÚ FRANÇA";FEMININO;BRANCA;0;0;80;0;80;1142
PPL;"Dep Federal";5411;"JEFFERSON DA PESCA";MASCULINO;PRETA;0;0;610;0;610;266
PSOL;"Dep Federal";5019;"MARCOS ANDRADE";MASCULINO;BRANCA;0;0;0;0;0;615
PTC;"Dep Federal";3617;"DR JOSE LUIZ";MASCULINO;PRETA;0;0;0;1174;1174;1635
PRP;"Dep Federal";4444;"GEGÊ DO AÇOUGUE";MASCULINO;BRANCA;0;0;8690;7787;16477;3353
PSD;"Dep Federal";5570;"ALEXANDRE SERFIOTIS";MASCULINO;BRANCA;0;252474;1056500;0;1056500;37526
PHS;"Dep Federal";3141;"WALDEMAR ÁVILA";MASCULINO;PARDA;0;0;29200;300;29500;3712
PP;"Dep Federal";1135;"SCARLET ROSE";FEMININO;BRANCA;0;0;10000;6925;16925;289
PSOL;"Dep Federal";5055;"RENATO CINCO";MASCULINO;PARDA;55574;0;164607;6396;171003;11800
PSC;"Dep Federal";2028;ERONDINA;FEMININO;PARDA;0;0;0;1572;1572;184
PMB;"Dep Federal";3507;"OSVALDO APOSTOLO";MASCULINO;BRANCA;0;0;1442;734;2176;4417
DC;"Dep Federal";2767;"CARLOS CONRADO";MASCULINO;BRANCA;0;0;33500;0;33500;5458
PPL;"Dep Federal";5498;"VALTINHO MOTOCICLISTA ";MASCULINO;BRANCA;0;0;0;138;138;80
PHS;"Dep Federal";3115;NILTINHO;MASCULINO;BRANCA;0;0;0;300;300;1107
PV;"Dep Federal";4353;"MAGO VILNELISON TAVARES";MASCULINO;BRANCA;0;0;4500;0;4500;46
PRTB;"Dep Federal";2832;JAQUELENE;FEMININO;PARDA;0;0;100;3780;3880;217
PSL;"Dep Federal";1704;"COMANDANTE RIBEIRO AFONSO";MASCULINO;PARDA;0;0;2100;8758;10858;19933
PSC;"Dep Federal";2011;RAMINHO;MASCULINO;BRANCA;0;0;500;2749;3249;1302
PMB;"Dep Federal";3574;"JOAO LUIZ";MASCULINO;PRETA;0;0;340;4950;5290;3954
MDB;"Dep Federal";1596;"AMÉRICA TEREZA";FEMININO;BRANCA;133430;0;380000;47850;427850;6496
PSC;"Dep Federal";2060;"ROSELENE MARTINS";FEMININO;PARDA;0;0;0;1535;1535;211
PR;"Dep Federal";2227;"LUIZ CARLOS RAMOS DO CHAPEU";MASCULINO;PARDA;0;0;1707200;0;1707200;18159
PT;"Dep Federal";1301;"CELSO PANSERA ";MASCULINO;BRANCA;408176;0;1112000;10000;1122000;15287
PODE;"Dep Federal";1950;"JOSÉ MUNIZ";MASCULINO;BRANCA;0;0;0;69;69;3271
PODE;"Dep Federal";1933;"ADOLFO FURTADO";MASCULINO;BRANCA;0;0;300;0;300;1898
PSOL;"Dep Federal";5033;"IZABEL FIRMINO";FEMININO;PRETA;0;0;1000;3900;4900;505
PATRI;"Dep Federal";5153;"JORGE BISPO";MASCULINO;PRETA;0;0;0;0;0;273
PATRI;"Dep Federal";5188;"JAILTON NOBREGA";MASCULINO;PARDA;0;0;0;0;0;1242
PSDB;"Dep Federal";4555;"OTAVIO LEITE";MASCULINO;BRANCA;998904;0;1142469;9000;1151469;50374
PRB;"Dep Federal";1030;"MOREIRA JARD";MASCULINO;BRANCA;0;0;0;987;987;184
PSL;"Dep Federal";1738;"ALINE LOPES";FEMININO;PARDA;0;0;0;0;0;3514
PPL;"Dep Federal";5436;"NATALY RIBEIRO";FEMININO;PRETA;0;0;630;0;630;11
PRTB;"Dep Federal";2821;"MONIQUE LOUZADA";FEMININO;BRANCA;0;0;0;1000;1000;28
PDT;"Dep Federal";1207;"DR. CARLOS ANDRE";MASCULINO;BRANCA;0;0;0;0;0;2220
AVANTE;"Dep Federal";7098;"JANETE MACIEL";FEMININO;BRANCA;0;0;0;0;0;35
PSC;"Dep Federal";2038;"FLAVIO PACCA";MASCULINO;BRANCA;0;0;7400;1985;9385;4118
PSC;"Dep Federal";2004;"INÊZ BARBOSA";FEMININO;PRETA;29500;0;300000;150;300150;396
PSOL;"Dep Federal";5000;"DAVID MIRANDA";MASCULINO;PRETA;46507;0;292737;11992;304730;17356
PPL;"Dep Federal";5405;"CONCEIÇÃO DAMAZIO";FEMININO;PRETA;0;0;630;138;768;94
PDT;"Dep Federal";1287;"BIA MORENO";FEMININO;PARDA;10000;0;10000;1906;11906;299
PSL;"Dep Federal";1766;"CAPITÃO MATEUS";MASCULINO;PARDA;0;0;5180;11905;17085;11810
DC;"Dep Federal";2778;"DR. NILTON CANTO";MASCULINO;BRANCA;0;0;4700;6000;10700;332
PHS;"Dep Federal";3151;"RAUL LIMA";MASCULINO;PARDA;0;0;0;300;300;461
DC;"Dep Federal";2750;"DRA JULLIANA CUNHA";FEMININO;BRANCA;0;0;0;0;0;344
PHS;"Dep Federal";3105;"SANDRO DAS QUENTINHAS";MASCULINO;PARDA;0;0;0;300;300;727
PPL;"Dep Federal";5409;"RONALDO FERREIRA";MASCULINO;PARDA;0;0;0;138;138;111
PSL;"Dep Federal";1790;"DOUTORA EDIANNE ABREU";FEMININO;PARDA;0;0;2857;393;3250;1413
SOLIDARIEDADE;"Dep Federal";7745;MOTTA;MASCULINO;PARDA;0;0;0;0;0;820
PODE;"Dep Federal";1919;"EZEQUIEL TEIXEIRA";MASCULINO;PARDA;367103;0;868700;2000;870700;23646
PV;"Dep Federal";4306;"MILTON GIL";MASCULINO;BRANCA;0;0;4500;0;4500;285
NOVO;"Dep Federal";3032;"MICHELE NAILI";FEMININO;BRANCA;0;0;1980;1099;3079;1101
PMN;"Dep Federal";3310;"DR JOÃO CARLOS";MASCULINO;PARDA;0;0;0;775;775;913
NOVO;"Dep Federal";3070;"GASTÃO REIS";MASCULINO;BRANCA;0;0;29931;1099;46030;4194
PRB;"Dep Federal";1010;"WAGNER MONTES";MASCULINO;BRANCA;49192;0;655000;0;655000;65868
PRB;"Dep Federal";1003;"GLORIA DO JEFERSON ";FEMININO;BRANCA;0;0;0;1214;1214;514
PR;"Dep Federal";2277;"MARCÃO GOMES";MASCULINO;BRANCA;148287;0;1559000;5100;1564100;40901
PV;"Dep Federal";4300;"DR EDÉSIO";MASCULINO;BRANCA;4500;0;6130;2308;8438;374
PSDB;"Dep Federal";4588;"SIMPLESMENTE JOÃO";MASCULINO;BRANCA;0;0;21704;0;21704;936
PDT;"Dep Federal";1210;"CHICO D ANGELO";MASCULINO;BRANCA;281310;0;570036;13270;583306;26417
PSC;"Dep Federal";2042;"EMANOEL JESUS";MASCULINO;PARDA;0;0;0;1985;1985;472
PMN;"Dep Federal";3345;"DIVANETE NEVES";FEMININO;BRANCA;0;0;0;60;60;147
PODE;"Dep Federal";1987;"EDSON PEDRO";MASCULINO;BRANCA;0;0;6085;400;6485;983
PPL;"Dep Federal";5474;"LEANDRO ";MASCULINO;BRANCA;0;0;0;0;0;251
PTC;"Dep Federal";3611;"HELCIO ANGELO";MASCULINO;BRANCA;0;0;21570;1948;23518;5785
PV;"Dep Federal";4321;"FABIANO CARNEVALE";MASCULINO;PARDA;17124;0;152193;2173;154367;1007
DEM;"Dep Federal";2550;"SARA WINTER";FEMININO;BRANCA;13215;0;25000;0;25000;17246
REDE;"Dep Federal";1800;"CAIO SAMPAIO";MASCULINO;BRANCA;0;0;9955;30903;40858;4771
PROS;"Dep Federal";9027;WASHINGTON;MASCULINO;PARDA;0;0;0;1175;1175;2074
PR;"Dep Federal";2232;"MAGNO ROSA";MASCULINO;BRANCA;0;0;10000;1575;11575;1191
PSL;"Dep Federal";1778;"SANDRO DE MOURA";MASCULINO;PARDA;0;0;1500;0;1500;3767
SOLIDARIEDADE;"Dep Federal";7787;"MARCELO MODESTO";MASCULINO;PARDA;0;0;0;972;972;616
PROS;"Dep Federal";9040;LAURINHO;MASCULINO;BRANCA;0;0;0;1750;1750;3818
PMB;"Dep Federal";3525;"MARCELO LOPES";MASCULINO;PARDA;0;0;0;0;0;2400
PATRI;"Dep Federal";5115;"DR ARLINDO";MASCULINO;BRANCA;0;0;0;0;0;864
AVANTE;"Dep Federal";7050;"A VERA";FEMININO;BRANCA;7552;0;15000;1482;16482;1331
PSOL;"Dep Federal";5029;"PROF. FABIANO";MASCULINO;BRANCA;0;0;2220;1847;4067;991
PSC;"Dep Federal";2094;"GILSON RIBEIRO";MASCULINO;PARDA;0;0;0;2341;2341;268
PRP;"Dep Federal";4496;"LEOMAR DE CASTRO";FEMININO;PRETA;0;0;2000;762;2762;103
PSB;"Dep Federal";4010;"GUSTAVO FERREIRA";MASCULINO;BRANCA;0;0;0;0;0;1504
PDT;"Dep Federal";1224;"SUSY ANTUNES";FEMININO;BRANCA;0;0;10800;1186;11986;1024
PRP;"Dep Federal";4489;"RUZIO FARMY";MASCULINO;BRANCA;0;0;0;0;0;519
PODE;"Dep Federal";1999;WANDER;MASCULINO;BRANCA;0;0;0;0;0;1092
PHS;"Dep Federal";3124;"APOSTOLO PAULO";MASCULINO;PRETA;0;0;0;300;300;3947
PSOL;"Dep Federal";5003;"FRANCIDELIA GOMES";FEMININO;PARDA;5002;0;8681;6890;15571;705
PSD;"Dep Federal";5551;ALFREDÃO;MASCULINO;PARDA;87082;0;140000;16763;156763;12016
PR;"Dep Federal";2220;"LUIZ CEIA";MASCULINO;BRANCA;0;0;10000;0;10000;460
PTC;"Dep Federal";3624;"DR LUCIANA DONATO";FEMININO;BRANCA;0;0;0;0;0;465
PRP;"Dep Federal";4469;"AMARO BOMBEIRO";MASCULINO;PRETA;0;0;0;0;0;223
DC;"Dep Federal";2722;"DR. EDUARDO MOLINA";MASCULINO;BRANCA;0;0;11700;847;12547;1617
PDT;"Dep Federal";1236;"JOSIANE GOMES";FEMININO;PRETA;0;0;20000;1186;21186;1825
AVANTE;"Dep Federal";7007;"DR. LACERDA";MASCULINO;PRETA;0;0;0;0;0;347
PRTB;"Dep Federal";2801;"CIRO BORBA";MASCULINO;BRANCA;0;0;0;0;0;153
PRB;"Dep Federal";1077;"RUBENS TEIXEIRA";MASCULINO;PARDA;0;0;75920;92152;168572;20896
PSD;"Dep Federal";5585;"PROFESSOR CALVINHO";MASCULINO;BRANCA;0;0;0;0;0;2967
PRTB;"Dep Federal";2811;"RICARDO NASCIMENTO";MASCULINO;BRANCA;0;0;0;1380;1380;1040
PR;"Dep Federal";2240;"STELLA GAIO";FEMININO;BRANCA;0;0;31500;0;31500;656
PDT;"Dep Federal";1262;"PROFESSORA MARIA HELENA";FEMININO;PRETA;0;0;10000;1186;11186;479
PDT;"Dep Federal";1203;"CAIO VIANNA";MASCULINO;BRANCA;0;0;228000;11500;239500;21017
PSC;"Dep Federal";2005;"TC CORONEL J VILLAR";MASCULINO;BRANCA;0;0;0;1401;1401;1900
PDT;"Dep Federal";1257;"MARA DIVULGADORA";FEMININO;PARDA;0;0;10000;1186;11186;192
PSB;"Dep Federal";4004;"NILTON SALOMÃO";MASCULINO;BRANCA;299904;89914;410570;15000;425570;19971
PATRI;"Dep Federal";5103;"ENIR LEAL";FEMININO;BRANCA;0;0;0;0;0;424
PHS;"Dep Federal";3111;"DRA. LETICIA COSTA";FEMININO;BRANCA;0;0;33000;200;33200;14924
PSDB;"Dep Federal";4544;"DIOGÃO BEM MELHOR";MASCULINO;PARDA;0;0;500;0;500;1683
PT;"Dep Federal";1330;FAÇANHA;FEMININO;PARDA;0;0;10000;1520;11520;441
PSD;"Dep Federal";5550;"MICHEL VIDAL";MASCULINO;BRANCA;0;0;2500;0;2500;552
PTC;"Dep Federal";3606;"MARCELO DOS MOVEIS";MASCULINO;PARDA;0;0;0;0;0;1236
PSD;"Dep Federal";5560;"CARLINHOS JACARÉ";MASCULINO;BRANCA;0;0;0;0;0;1536
PRP;"Dep Federal";4410;"ROGÉRIO DA MAQUINA";MASCULINO;PARDA;0;0;19720;0;19720;6630
PSL;"Dep Federal";1727;"DANILO BASTOS JR";MASCULINO;PARDA;0;0;0;0;0;1476
PODE;"Dep Federal";1920;"CLAUDIA HORCHEL";FEMININO;BRANCA;15000;0;39678;69;39747;5636
PHS;"Dep Federal";3120;"ANDREZINHO ";MASCULINO;PARDA;0;0;8884;300;9184;1028
PV;"Dep Federal";4345;"GERSON BARROS";MASCULINO;PRETA;4482;0;4520;2173;6693;240
PR;"Dep Federal";2221;"VELHO DO RIO";MASCULINO;PARDA;0;0;0;0;0;297
PHS;"Dep Federal";3112;"MARCO LEITE ";MASCULINO;BRANCA;0;0;0;300;300;821
PSD;"Dep Federal";5526;"FERNANDINHO SHANGRILÁ";MASCULINO;PARDA;0;0;0;3485;3485;1811
PRTB;"Dep Federal";2818;"ANTONIO MAMEDE";MASCULINO;BRANCA;0;1380;0;1380;1380;713
PPS;"Dep Federal";2377;"DINEY MARINS";MASCULINO;PARDA;138205;0;225800;2919;228719;19162
PSOL;"Dep Federal";5045;"PROF. JEFERSON BARROS";MASCULINO;PRETA;15775;0;29740;1120;30860;3805
PRB;"Dep Federal";1015;"ROSE DO RIO";FEMININO;BRANCA;0;0;3500;982;4482;280
PR;"Dep Federal";2238;"VALDEIR BARRETO";MASCULINO;BRANCA;0;0;10550;0;10550;291
PRTB;"Dep Federal";2830;"MARQUINHO DO SEGURO";MASCULINO;PARDA;0;0;0;600;600;394
PDT;"Dep Federal";1238;"MAE FLAVIA PINTO";FEMININO;PARDA;9480;0;11800;1000;12800;2636
PROS;"Dep Federal";9044;"CLARISSA GARONTINHO";FEMININO;BRANCA;789506;16;1822500;67815;1890315;35131
PRP;"Dep Federal";4432;"PAULO BARATA";MASCULINO;BRANCA;0;0;2000;0;2000;2503
PPS;"Dep Federal";2300;"MARCELO ITAGIBA";MASCULINO;BRANCA;0;35882;277220;0;277220;5074
AVANTE;"Dep Federal";7044;"CRISTINA PEREIRA";FEMININO;BRANCA;0;0;0;0;0;244
PSL;"Dep Federal";1754;"CARLOS FRANCO";MASCULINO;PARDA;0;0;7057;3719;10776;4067
PPL;"Dep Federal";5460;"CARLOS LEITE";MASCULINO;BRANCA;0;0;0;138;138;79
PDT;"Dep Federal";1293;"LYNCE NAVEIRA";MASCULINO;BRANCA;0;0;0;0;0;169
SOLIDARIEDADE;"Dep Federal";7762;"CORONEL CALDAS";MASCULINO;PARDA;0;0;0;0;0;643
PP;"Dep Federal";1172;"DR. J. SANTANA";MASCULINO;PRETA;0;0;104500;10154;114654;2364
PATRI;"Dep Federal";5122;"BISMARK CLIMERIO";MASCULINO;PRETA;4963;0;6500;900;7400;1012
DC;"Dep Federal";2710;DAIZINHO;MASCULINO;BRANCA;0;0;2000;0;2000;1047
PTB;"Dep Federal";1423;"MARIA JOSÉ";FEMININO;PARDA;0;0;340000;77;340077;519
PTB;"Dep Federal";1484;"DRA. ANDREIA PÁDUA";FEMININO;BRANCA;0;0;659285;22008;681293;3050
PSL;"Dep Federal";1721;"MARCELLO BITTENCOURT";MASCULINO;BRANCA;0;0;1600;0;1600;4543
AVANTE;"Dep Federal";7091;BHAJANO;MASCULINO;PRETA;0;0;0;0;0;646
NOVO;"Dep Federal";3003;"DANIEL DUQUE";MASCULINO;BRANCA;0;0;6620;1099;7719;7295
PSD;"Dep Federal";5528;KINHO;MASCULINO;PRETA;0;0;700;0;700;2292
PSDB;"Dep Federal";4512;"MONICA FRANÇA";FEMININO;BRANCA;0;0;20000;0;20000;759
PT;"Dep Federal";1382;"SIMONE SATURNINO BRAGA ";FEMININO;BRANCA;87174;0;96119;6030;102149;1955
DC;"Dep Federal";2728;"MARCOS TAVARES";MASCULINO;PARDA;0;0;44200;5200;49400;26361
PATRI;"Dep Federal";5106;"JORGE TAVARES";MASCULINO;PRETA;0;0;0;0;0;1419
AVANTE;"Dep Federal";7035;"WALLACE FLAY";MASCULINO;PRETA;0;0;0;0;0;1957
PSD;"Dep Federal";5580;"PEDRO AUGUSTO";MASCULINO;BRANCA;228183;0;600000;477;600477;36382
PRB;"Dep Federal";1028;"SILVIA CUNHA ";FEMININO;BRANCA;43791;0;225000;1304;226304;378
PSD;"Dep Federal";5503;"ISAC DO EMPREGO";MASCULINO;PARDA;0;0;0;0;0;2913
SOLIDARIEDADE;"Dep Federal";7780;"ELISEU DUARTE";MASCULINO;PARDA;0;0;740;2000;2740;1677
PTC;"Dep Federal";3669;"SILVIO CHARUTO";MASCULINO;PRETA;0;0;100;0;100;1175
PMN;"Dep Federal";3317;"IVANILDA COSTA";FEMININO;PRETA;0;0;0;0;0;87
PSD;"Dep Federal";5515;"DR. MAGNELSON";MASCULINO;BRANCA;0;0;0;0;0;1412
PHS;"Dep Federal";3161;"JOSÉ RICARDO DE CAMPO GRANDE";MASCULINO;BRANCA;0;0;0;300;300;1822
PDT;"Dep Federal";1213;"EMMANUEL VIEGAS";MASCULINO;BRANCA;0;0;0;0;0;1140
PSOL;"Dep Federal";5070;"GIO CAPANO";MASCULINO;PARDA;0;0;1000;2229;3229;805
PMN;"Dep Federal";3303;"SHARON MELO";FEMININO;BRANCA;0;0;0;0;0;307
PP;"Dep Federal";1111;"JULIO LOPES";MASCULINO;BRANCA;1555054;92305;2401722;23162;2424884;40831
PHS;"Dep Federal";3109;"DALILA CASTRO";FEMININO;PARDA;0;0;0;200;200;32
PRB;"Dep Federal";1088;"PROFESSOR DAVI SILVA";MASCULINO;PARDA;0;0;0;0;0;3146
PODE;"Dep Federal";1977;"MAC DOWELL FILHO";MASCULINO;BRANCA;0;0;0;0;0;2187
PTC;"Dep Federal";3644;TIQUINHO;MASCULINO;BRANCA;0;0;25000;0;25000;1711
MDB;"Dep Federal";1500;"WILSON BESERRA";MASCULINO;BRANCA;1010933;0;1500000;8036;1508036;20597
PRTB;"Dep Federal";2800;CHININHA;MASCULINO;BRANCA;0;0;1000;1380;2380;11754
PRB;"Dep Federal";1033;"ROSANGELA GOMES ";FEMININO;PRETA;387955;0;1405620;20752;1426372;63952
PRB;"Dep Federal";1091;"MARIA CELSA ";FEMININO;PRETA;0;0;0;0;0;46
PP;"Dep Federal";1144;"COWBOY BELEZA";MASCULINO;BRANCA;0;0;800;2688;3488;8406
PTC;"Dep Federal";3656;"GERSON CHAMUSCA";MASCULINO;BRANCA;0;0;3000;900;3900;1438
PSC;"Dep Federal";2080;"PROFESSOR GUSTAVO JORGE";MASCULINO;BRANCA;0;0;5670;2341;8011;2511
PPS;"Dep Federal";2330;"JANA CAÇÃO";FEMININO;BRANCA;10900;0;30737;2159;32896;657
PMB;"Dep Federal";3531;"MAGRINHO DA TAQUARA";MASCULINO;BRANCA;0;0;2076;0;2076;654
MDB;"Dep Federal";1554;"GERALDO PUDIM";MASCULINO;PARDA;163701;0;276633;9232;285865;5046
PPL;"Dep Federal";5484;"SERGIO MARROM";MASCULINO;PARDA;0;0;1287;0;1287;354
PSDB;"Dep Federal";4533;"LUIZ BARREIROS ";MASCULINO;BRANCA;0;0;84100;4430;88530;1884
PSL;"Dep Federal";1720;"HELIO FERNANDO BARBOSA LOPES";MASCULINO;PRETA;0;0;45000;0;45000;345234
PMN;"Dep Federal";3335;"DR BENEDITO CARAMURU";MASCULINO;BRANCA;0;0;40000;0;40000;541
PSD;"Dep Federal";5500;"BERNARD TAVARES";MASCULINO;PARDA;0;0;12330;1000;13330;4659
PR;"Dep Federal";2233;"SIMONE CLARA";FEMININO;PRETA;0;0;20000;0;20000;1012
PDT;"Dep Federal";1222;"ADRIANO PASSIONE";MASCULINO;BRANCA;0;0;0;6443;6443;6366
SOLIDARIEDADE;"Dep Federal";7777;"RACHEL FERRAZ";FEMININO;PARDA;0;0;7500;0;7500;1878
PODE;"Dep Federal";1931;"HENRIQUE SANTORO";MASCULINO;PARDA;0;0;0;0;0;1942
PSOL;"Dep Federal";5010;"TATIANA ROQUE";FEMININO;BRANCA;28402;0;108729;13787;122516;15789
REDE;"Dep Federal";1844;"RENATA SANTANA";FEMININO;BRANCA;0;800;800;900;1700;64
PRTB;"Dep Federal";2840;"AGENTE CARLOS VAZ O TRICOLOR";MASCULINO;BRANCA;0;0;2000;0;2000;544
PRB;"Dep Federal";1050;"ALAEL MOZER";MASCULINO;PARDA;0;0;1200;3177;4377;1000
PSOL;"Dep Federal";5077;"TALÍRIA PETRONE";FEMININO;PRETA;147286;13;203953;54834;258788;107317
PSD;"Dep Federal";5543;"NELSON F. MARINHO";MASCULINO;BRANCA;0;0;0;0;0;545
PSL;"Dep Federal";1740;"GUIOMAR LACERDA";FEMININO;PARDA;0;0;2857;393;3250;594
PSD;"Dep Federal";5525;"HELEN BARRETO";FEMININO;PARDA;0;0;0;0;0;266
PSDB;"Dep Federal";4567;"LICA DO SÃO ROQUE";FEMININO;BRANCA;15000;0;41200;0;41200;2625
PR;"Dep Federal";2209;"ANDRE OLIVEIRA";MASCULINO;BRANCA;0;0;10000;0;10000;846
PHS;"Dep Federal";3181;"MARCOS DA FARMACIA";MASCULINO;BRANCA;0;0;0;300;300;2250
DC;"Dep Federal";2711;"CARLOS MADUREIRA";MASCULINO;PRETA;0;0;12739;0;12739;1653
DC;"Dep Federal";2765;"VERA CRUZ";FEMININO;PRETA;0;0;3500;0;3500;116
PHS;"Dep Federal";3177;"JOÃO DO FRETE";MASCULINO;BRANCA;0;0;0;300;300;1588
PMB;"Dep Federal";3533;"PROFESSOR LAURO BOECHAT";MASCULINO;BRANCA;0;0;0;0;0;1347
PTC;"Dep Federal";3600;"DIRLANDIS CARDOSO PRIMO POBRE";MASCULINO;PARDA;0;0;0;0;0;1074
NOVO;"Dep Federal";3030;"PAULO GANIME";MASCULINO;BRANCA;0;0;284261;1099;285820;52983
PSD;"Dep Federal";5510;"HUGO LEAL";MASCULINO;BRANCA;946822;0;1818547;3500;1822047;63561
PODE;"Dep Federal";1939;"CLELSON VIANNA";MASCULINO;PARDA;0;0;0;69;69;1188
PSL;"Dep Federal";1744;"JOSEANE ROCHA";FEMININO;PARDA;0;0;3357;393;3750;1058
PSL;"Dep Federal";1718;"RAQUEL STASIAKI";FEMININO;BRANCA;34521;0;216290;10551;226841;26644
DC;"Dep Federal";2729;"ALVARO MAGALHAES";MASCULINO;BRANCA;0;0;0;0;0;172
PTB;"Dep Federal";1432;"INSTRUTOR BOSOROY";MASCULINO;PARDA;0;0;10000;13277;23277;397
PSB;"Dep Federal";4066;"SYLVIO GOUVÊA";MASCULINO;BRANCA;0;0;6692;0;6692;398
PRB;"Dep Federal";1064;"NELSON CORREA";MASCULINO;BRANCA;0;0;0;0;0;211
PRB;"Dep Federal";1099;"IVAN MACEDO ";MASCULINO;PARDA;0;0;2150;20630;22780;4184
PR;"Dep Federal";2224;"VINICIUS ROSEIRA";MASCULINO;PARDA;0;0;10000;500;10500;442
PSL;"Dep Federal";1713;"TIO CARLINHOS";MASCULINO;PARDA;0;0;0;0;0;1372
SOLIDARIEDADE;"Dep Federal";7788;"TIO CARLOS ";MASCULINO;BRANCA;98857;0;139053;20776;159829;24959
PROS;"Dep Federal";9072;"ROSANGELA MOTTA";FEMININO;BRANCA;150000;0;175781;0;175781;67
DEM;"Dep Federal";2555;"IVANIA MARTINS";FEMININO;PARDA;0;0;0;700;700;7889
PHS;"Dep Federal";3132;"PROF MAX ";MASCULINO;BRANCA;0;0;0;300;300;4085
PRB;"Dep Federal";1065;"THIAGO SOARES ";MASCULINO;BRANCA;0;0;30000;1507;31507;3535
AVANTE;"Dep Federal";7055;"ELIETE DE MALLET";FEMININO;PRETA;0;0;0;0;0;939
PHS;"Dep Federal";3101;TRINDADE;MASCULINO;BRANCA;0;0;0;300;300;350
AVANTE;"Dep Federal";7022;"RONDINELE VILHENA";MASCULINO;PARDA;0;0;1925;0;1925;2565
SOLIDARIEDADE;"Dep Federal";7707;"PROF. ROGERIO DUARTE";MASCULINO;PARDA;0;0;30000;237;30237;2590
PSC;"Dep Federal";2003;"GILBERTO RODOVIARIO";MASCULINO;PARDA;0;0;0;2341;2341;1856
PMN;"Dep Federal";3353;"CLAUDIO LOPES";MASCULINO;PARDA;0;0;0;1655;1655;471
PHS;"Dep Federal";3175;ROSANA;FEMININO;PARDA;500;0;3000;200;3200;200
PRB;"Dep Federal";1009;"TIA NORMINHA";FEMININO;PRETA;0;0;0;1289;1289;627
PMB;"Dep Federal";3511;"VANILCE ALMEIDA";FEMININO;PRETA;0;0;4200;0;4200;296
PSD;"Dep Federal";5590;"NELSON GONÇALVES";MASCULINO;PARDA;75465;0;188090;7603;195693;11683
PR;"Dep Federal";2274;"COMANDANTE ALEXANDRE COELHO";MASCULINO;PARDA;0;0;10000;0;10000;1636
AVANTE;"Dep Federal";7054;"JOMAR BITTENCOURT";MASCULINO;PARDA;0;0;0;0;0;1597
PPL;"Dep Federal";5401;"EDUARDO COSTA DA SAÚDE";MASCULINO;BRANCA;0;0;0;138;138;304
PATRI;"Dep Federal";5155;"MARILENA DA SAÚDE";FEMININO;BRANCA;1727;0;7900;0;7900;785
PSC;"Dep Federal";2025;TERRA;FEMININO;PARDA;0;0;0;1572;1572;528
PRP;"Dep Federal";4499;"DUDU UGA UGA";MASCULINO;BRANCA;0;0;0;0;0;894
DC;"Dep Federal";2708;"WILSON SOUSA";MASCULINO;BRANCA;0;0;0;0;0;170
PSC;"Dep Federal";2070;"THIAGO RIBEIRO";MASCULINO;BRANCA;0;0;0;1535;1535;799
DC;"Dep Federal";2725;"ALESSANDRO FONTES";MASCULINO;BRANCA;0;0;0;0;0;508
PSL;"Dep Federal";1717;"LUIZ LIMA ";MASCULINO;PARDA;0;0;229499;500;229999;115119
PHS;"Dep Federal";3173;"DENISE PROENÇA";FEMININO;PRETA;0;0;0;200;200;1324
PODE;"Dep Federal";1993;"ANA PAULA JANOTE";FEMININO;PRETA;0;0;0;0;0;80
DEM;"Dep Federal";2501;"PEDRO PAULO";MASCULINO;BRANCA;246967;0;1514000;18600;1532600;56646
DC;"Dep Federal";2740;SANTIAGO;MASCULINO;PRETA;0;0;0;0;0;1707
PRTB;"Dep Federal";2815;"ELAINE TORRES";FEMININO;PARDA;0;0;0;1000;1000;260
PRB;"Dep Federal";1008;"PASTOR LENILSON";MASCULINO;BRANCA;0;0;0;0;0;161
PDT;"Dep Federal";1230;TAIPAN;MASCULINO;BRANCA;0;0;20000;0;20000;4053
PDT;"Dep Federal";1280;"DR. JOSE RICARDO";MASCULINO;BRANCA;0;0;0;0;0;525
DEM;"Dep Federal";2536;"TIA DULCE";FEMININO;PRETA;0;0;4000;5675;9675;607
DC;"Dep Federal";2712;" MARZO MOREIRA";MASCULINO;BRANCA;0;0;0;0;0;1546
PMB;"Dep Federal";3501;RABELO;MASCULINO;PARDA;0;0;16300;0;16300;4804
PPL;"Dep Federal";5408;"MARIA RIBEIRO";FEMININO;BRANCA;0;0;0;138;138;70
PPL;"Dep Federal";5407;"NEIDE PEREIRA";FEMININO;PARDA;0;0;830;138;968;118
PPL;"Dep Federal";5410;"PAULO PRATA";MASCULINO;BRANCA;0;0;0;0;0;215
DC;"Dep Federal";2715;"DRA ELIA SAMUEL";FEMININO;PRETA;0;0;3500;0;3500;441
PRB;"Dep Federal";1072;"GUILHERME DIAS";MASCULINO;BRANCA;0;0;7000;3507;10507;633
"PC do B";"Dep Federal";6565;"JANDIRA FEGHALI";FEMININO;BRANCA;1320173;48875;1527820;42703;1570523;71646
PDT;"Dep Federal";1241;"JOYCE PIMENTEL";FEMININO;BRANCA;0;0;10000;0;10000;480
PTC;"Dep Federal";3633;"MARIA INES BRIZOLA";FEMININO;BRANCA;0;0;140000;0;140000;1516
DEM;"Dep Federal";2500;"JUNINHO DO PNEU";MASCULINO;PARDA;0;0;61600;32538;94138;45087
PODE;"Dep Federal";1912;"PASTORA BARBARA";FEMININO;PRETA;0;0;0;0;0;344
PATRI;"Dep Federal";5152;"ANDRE AMARAL";MASCULINO;BRANCA;0;0;0;0;0;731
PPL;"Dep Federal";5459;"MANO LUIZÃO";MASCULINO;PRETA;0;0;0;138;138;256
DEM;"Dep Federal";2588;"CARLOS DIAS";MASCULINO;BRANCA;71967;0;75000;0;75000;2109
SOLIDARIEDADE;"Dep Federal";7723;"DR. WASHINGTON ROSA";MASCULINO;PARDA;0;0;3864;2070;5934;2014
AVANTE;"Dep Federal";7058;"JOSY DOS SANTOS";FEMININO;PARDA;0;0;0;1020;1020;257
"PC do B";"Dep Federal";6517;"MILENE VIEIRA ";FEMININO;BRANCA;0;0;0;600;600;68
PSD;"Dep Federal";5524;"ALAN MACHADO";MASCULINO;BRANCA;0;0;3127;0;3127;2950
PHS;"Dep Federal";3163;"RONY FERRAZ";MASCULINO;BRANCA;0;0;9540;300;9840;8924
PROS;"Dep Federal";9099;"FABIO INOVE";MASCULINO;PARDA;0;0;0;0;0;347
PRP;"Dep Federal";4488;"WLADIMIR GAROTINHO";MASCULINO;BRANCA;0;0;107450;8180;115630;39398
PRB;"Dep Federal";1024;"PENHA RAMIRES ";FEMININO;BRANCA;0;0;0;1444;1444;359
SOLIDARIEDADE;"Dep Federal";7717;"IRANILDO CAMPOS";MASCULINO;PARDA;14646;0;135000;6415;141415;18599
DC;"Dep Federal";2745;"DR. CARLOS VICTOR";MASCULINO;BRANCA;0;0;19000;3236;22236;7180
PSOL;"Dep Federal";5056;"NAIDE RIBEIRO";MASCULINO;PRETA;0;0;4164;1989;6153;589
PRTB;"Dep Federal";2852;"CABO CORREA";MASCULINO;PARDA;0;0;0;1380;1380;2486
PSC;"Dep Federal";2056;"IVAN FIGUEREDO";MASCULINO;PARDA;0;0;0;75;75;827
DC;"Dep Federal";2794;"EDSON MANDELA";MASCULINO;PRETA;0;0;0;0;0;636
PRB;"Dep Federal";1019;"MISSIONÁRIA ROSIMERI";FEMININO;PARDA;0;0;33;1292;1325;659
"PC do B";"Dep Federal";6563;"EZAQUIEL SIQUEIRA ";MASCULINO;PRETA;0;0;5800;1650;7450;1056
PRB;"Dep Federal";1020;"BENEDITO ALVES ";MASCULINO;PARDA;200151;0;380000;41842;421842;51963
PMB;"Dep Federal";3553;"MÉDICA ANGELA TENÓRIO";FEMININO;BRANCA;0;0;4000;0;4000;2025
PTC;"Dep Federal";3607;"RUY DA PADARIA";MASCULINO;BRANCA;0;0;2055;3007;5063;902
PRB;"Dep Federal";1001;"DEJORGE PATRÍCIO";MASCULINO;PARDA;233602;0;795000;0;795000;44069
PDT;"Dep Federal";1279;"FABIANA ROCHA";FEMININO;BRANCA;4690;0;10000;1830;11830;1457
PSC;"Dep Federal";2009;"LILIANE CHIAPETTA";FEMININO;BRANCA;0;0;0;1535;1535;388
REDE;"Dep Federal";1888;"NIDIA DE SÁ";FEMININO;BRANCA;0;0;10000;0;11000;1902
PSL;"Dep Federal";1796;"DANIEL SILVEIRA";MASCULINO;BRANCA;0;0;1920;6400;8320;31789
DC;"Dep Federal";2788;"JOSE ANILTON RIBEIRO ZÉ PELADO";MASCULINO;PARDA;0;0;920;270;1190;787
PSOL;"Dep Federal";5034;ROBERTINHO;MASCULINO;BRANCA;0;0;2500;0;2500;1075
PSD;"Dep Federal";5502;"NORMA DEMUNER";FEMININO;BRANCA;0;0;0;0;0;2014
REDE;"Dep Federal";1818;"EDUARDO BANDEIRA DE MELLO";MASCULINO;BRANCA;146107;0;175814;5265;181079;38500
PSDB;"Dep Federal";4569;"JORGE AQUILES";MASCULINO;PARDA;0;0;0;0;0;792
PRTB;"Dep Federal";2857;"ADEMIR MADEIRA";MASCULINO;BRANCA;0;0;6613;0;6613;270
PSOL;"Dep Federal";5040;"AUGUSTO PERILLO";MASCULINO;BRANCA;0;0;2130;1794;3924;1014
PSD;"Dep Federal";5593;FLORDELIS;FEMININO;BRANCA;430346;0;1028000;4500;1032500;196959
PSL;"Dep Federal";1758;"SUBTENENTE BOMBEIRO VALDELEI";MASCULINO;BRANCA;0;0;7700;786;8486;8721
PODE;"Dep Federal";1917;"CRISTINA BOLSONARO";FEMININO;BRANCA;0;0;0;0;0;4555
PRTB;"Dep Federal";2861;"FERNANDA FRANÇA";FEMININO;BRANCA;0;0;0;1000;1000;9
PT;"Dep Federal";1312;"LUIZ SERGIO ";MASCULINO;BRANCA;86243;0;900008;8895;908903;18461
PRTB;"Dep Federal";2848;"MARISE MENEZES";FEMININO;BRANCA;0;0;0;1000;1000;46
PSC;"Dep Federal";2091;"PASTOR LAZARO AZEVEDO";MASCULINO;PARDA;0;0;0;1535;1535;1418
PSB;"Dep Federal";4037;"BENE DO LARANJÃO";MASCULINO;PRETA;0;0;0;0;0;629
PSL;"Dep Federal";1793;"DELEGADO ANTÔNIO FURTADO";MASCULINO;PARDA;0;0;35730;42210;77940;104211
PSDB;"Dep Federal";4507;"EDUARDO BADU";MASCULINO;PRETA;0;0;55640;0;55640;6892
PPS;"Dep Federal";2332;"FLAVIO CAVALCANTI JR";MASCULINO;BRANCA;29515;0;105800;20154;125954;1295
PSL;"Dep Federal";1733;"FABIANO OLIVEIRA ";MASCULINO;PARDA;0;0;98540;0;98540;21080
PSD;"Dep Federal";5571;"ORELHA DO POVO";MASCULINO;PARDA;0;0;0;0;0;601
NOVO;"Dep Federal";3053;"JOSÉ RODRIGUES";MASCULINO;BRANCA;0;0;14950;1099;16049;2290
AVANTE;"Dep Federal";7002;"JANAINA LUNA";FEMININO;BRANCA;0;0;0;0;0;78
PSC;"Dep Federal";2090;MADRUGA;MASCULINO;PARDA;0;0;0;1572;1572;185
DC;"Dep Federal";2737;"ANA VALÉRIA FREYESLEBEN";FEMININO;BRANCA;0;0;500;0;500;1047
PSOL;"Dep Federal";5004;"ARLETE BANCÁRIA";FEMININO;PRETA;0;0;280;2746;3026;281
PSOL;"Dep Federal";5059;"ENITA SOUTO";FEMININO;BRANCA;0;0;0;2154;2154;149
PDT;"Dep Federal";1297;"MARIÁ PORTELA";FEMININO;BRANCA;0;0;10000;1186;11186;87
PRB;"Dep Federal";1034;"ARMANDO PESSOA";MASCULINO;PARDA;0;0;0;7164;7164;506
PODE;"Dep Federal";1938;"FABIO PORTUGAL";MASCULINO;BRANCA;0;0;0;0;0;321
DEM;"Dep Federal";2552;"ANA PAULA GOLDBACH";FEMININO;BRANCA;0;0;5000;1154;6154;596
PPL;"Dep Federal";5476;ROBINHO;MASCULINO;BRANCA;0;0;0;138;138;417
PPL;"Dep Federal";5417;"MARIA DA CONCEIÇÃO MEDEIROS";FEMININO;BRANCA;0;0;0;138;138;64
PRP;"Dep Federal";4408;"ISAQUE NASCIMENTO";MASCULINO;PARDA;0;0;0;0;0;257
PR;"Dep Federal";2217;"ROBERTA SOUZA";FEMININO;BRANCA;0;0;20000;0;20000;231
PRTB;"Dep Federal";2825;"VITOR ROCHA";MASCULINO;BRANCA;0;0;0;0;0;321
PRB;"Dep Federal";1071;"DE SOUZA FLORESTAL";MASCULINO;PARDA;0;0;0;1000;1000;261
PCB;"Dep Federal";2121;"MARIA CAROL";FEMININO;PRETA;3790;3490;87255;9805;97061;2141
PSOL;"Dep Federal";5088;BABY;MASCULINO;BRANCA;0;0;0;0;0;750
MDB;"Dep Federal";1533;"PENHA BERNARDES";FEMININO;BRANCA;49927;0;309299;7800;317099;4605
PRP;"Dep Federal";4498;"CRISTINA CAPATO";FEMININO;BRANCA;0;0;0;0;0;35
PSD;"Dep Federal";5522;"BORGES ";MASCULINO;BRANCA;0;0;0;0;0;1236
AVANTE;"Dep Federal";7039;"RICARDO BARCELOS ";MASCULINO;PARDA;0;0;2525;250;2775;2296
PHS;"Dep Federal";3159;"HELENA CAMARGO";FEMININO;BRANCA;0;0;3000;200;3200;73
PPL;"Dep Federal";5419;BUIU;MASCULINO;PRETA;0;0;0;0;0;317
MDB;"Dep Federal";1520;LAYDSON;MASCULINO;BRANCA;87761;0;105000;0;105000;9165
PSDB;"Dep Federal";4566;"PAULO CABELO";MASCULINO;BRANCA;0;0;0;0;0;774
PRTB;"Dep Federal";2879;"REV. RINALDO";MASCULINO;PRETA;0;0;5970;1380;7350;1326
PMN;"Dep Federal";3370;"DIEGO MIRANDA";MASCULINO;PARDA;0;0;0;0;0;195
PV;"Dep Federal";4399;"EVALCIR SANTOS";MASCULINO;BRANCA;0;0;5056;0;5056;320
AVANTE;"Dep Federal";7040;"TIA RUTH";FEMININO;PARDA;0;0;0;0;0;490
AVANTE;"Dep Federal";7080;XANDRINHO;MASCULINO;BRANCA;0;0;26850;1500;28350;2628
PP;"Dep Federal";1177;"DR. LUIZINHO";MASCULINO;BRANCA;365904;0;1112040;12514;1124554;103745
PR;"Dep Federal";2229;"DEISE LUCI";FEMININO;PARDA;0;5000;50000;0;50000;882
PATRI;"Dep Federal";5133;"PASTOR MARCOS ROGERIO";MASCULINO;BRANCA;0;0;0;0;0;237
SOLIDARIEDADE;"Dep Federal";7760;"MAURO DA GLORIA";MASCULINO;PARDA;0;0;0;16332;16332;1150
PRB;"Dep Federal";1055;"JULIO GONÇALVES ";MASCULINO;BRANCA;89495;0;240000;16562;256562;11466
PSOL;"Dep Federal";5044;"FERNANDA DE FARIA QUEIROZ";FEMININO;BRANCA;0;0;5480;4698;10178;1309
PRB;"Dep Federal";1058;"PROFESSOR JORGE ANDRADE";MASCULINO;BRANCA;0;0;0;2500;2500;737
PRTB;"Dep Federal";2856;"JEAN GIGANTE";MASCULINO;BRANCA;0;0;0;0;0;186
PTB;"Dep Federal";1417;"CARDOSO GUGU";MASCULINO;BRANCA;0;0;50000;0;50000;1595
PRP;"Dep Federal";4440;"ERICA NASCIMENTO";FEMININO;PARDA;0;0;4000;762;4762;467
PODE;"Dep Federal";1994;"GRAÇA MALMER";FEMININO;BRANCA;0;0;0;69;69;11
PSOL;"Dep Federal";5013;PASSARINHO;MASCULINO;PARDA;0;0;0;0;0;561
PODE;"Dep Federal";1907;"FRANCISCA CASTELO BRANCO";FEMININO;BRANCA;0;0;1000;69;1069;139
PDT;"Dep Federal";1211;GERCIANO;MASCULINO;BRANCA;0;0;0;11746;11746;5162
PROS;"Dep Federal";9077;"FLAVIO LIMA";MASCULINO;PARDA;0;0;0;0;0;1137
PSC;"Dep Federal";2088;PP;MASCULINO;BRANCA;0;0;0;1985;1985;389
PHS;"Dep Federal";3140;"PEDRO  PAULO";MASCULINO;PARDA;0;0;0;300;300;51
PR;"Dep Federal";2290;"ALEXANDRE VALLE";MASCULINO;BRANCA;570068;0;2330000;0;2330000;27288
AVANTE;"Dep Federal";7027;TED;MASCULINO;BRANCA;0;0;0;0;0;1857
PMB;"Dep Federal";3588;"JOÃO VALOIS";MASCULINO;BRANCA;0;0;0;0;0;7076
REDE;"Dep Federal";1881;"GIOWANA CAMBRONE";FEMININO;BRANCA;2223;0;45500;0;45500;1199
PATRI;"Dep Federal";5100;"RICARDINHO NETUNO";MASCULINO;BRANCA;0;0;29000;0;29000;4500
AVANTE;"Dep Federal";7047;"PATRICIA SANTANA";FEMININO;PARDA;0;0;0;154;154;208
PATRI;"Dep Federal";5121;"XARÁ BOA MORTE ";MASCULINO;PARDA;0;0;0;0;0;1092
PMB;"Dep Federal";3593;"GLAUCIO SANTOS";MASCULINO;PARDA;0;0;0;0;0;1505
NOVO;"Dep Federal";3033;"MAURIZIO SPINELLI";MASCULINO;PARDA;0;0;98900;1099;101384;6050
SOLIDARIEDADE;"Dep Federal";7738;"FABIO GIDEÃO";MASCULINO;PARDA;0;0;0;497;497;733
PSC;"Dep Federal";2018;"DRA. LENIR FORTUNATO";FEMININO;BRANCA;14860;0;70000;1535;71535;1328
PATRI;"Dep Federal";5112;"PAULO ROBERTO";MASCULINO;PARDA;0;0;0;0;0;295
PSB;"Dep Federal";4012;"FÁTIMA CIDADE";FEMININO;PRETA;78993;0;200000;4250;204250;1662
PRTB;"Dep Federal";2822;"NEY SILVA";MASCULINO;PRETA;0;0;0;12;112;628
PSL;"Dep Federal";1750;"SUB OFICIAL BONIFÁCIO";MASCULINO;PARDA;0;0;0;0;0;15305
AVANTE;"Dep Federal";7069;"PROFESSOR EDSON LUIZ";MASCULINO;PARDA;0;0;0;0;0;1297
PRTB;"Dep Federal";2855;"IGOR PORTO";MASCULINO;BRANCA;0;0;30778;0;30778;8073
PSC;"Dep Federal";2034;"DAVID SANTOS";MASCULINO;PARDA;0;0;0;1985;1985;1009
DEM;"Dep Federal";2526;"MAURO LOBO";MASCULINO;BRANCA;0;0;68000;0;68000;4392
PDT;"Dep Federal";1295;"KEDSON DO BOEMIOS";MASCULINO;PRETA;0;0;0;0;0;1374
PRTB;"Dep Federal";2850;"TIO ANGELO";MASCULINO;BRANCA;0;0;2125;1380;3505;528
PSOL;"Dep Federal";5053;"PROFESSOR MARCOS RIBEIRO";MASCULINO;BRANCA;0;0;0;4702;4702;1205
AVANTE;"Dep Federal";7060;"ENFERMEIRO JOSIMAR";MASCULINO;BRANCA;0;0;3000;462;3462;2740
PSC;"Dep Federal";2072;"IRACEMA TULSEN";FEMININO;PRETA;0;0;0;75;75;284
PSD;"Dep Federal";5569;PEDRA;MASCULINO;BRANCA;0;0;12300;10730;23030;8630
PDT;"Dep Federal";1218;DR.ONTIVEROS;MASCULINO;BRANCA;0;0;30057;4048;34105;12477
PPL;"Dep Federal";5424;"GLÓRIA ALVES DOS SANTOS";FEMININO;PARDA;0;0;3000;500;3500;347
DC;"Dep Federal";2733;"NEIDELY FARIAS";FEMININO;BRANCA;0;0;0;66;66;163
PRP;"Dep Federal";4456;"CARLOS MACEDO";MASCULINO;BRANCA;0;0;34000;0;34000;5758
PRP;"Dep Federal";4473;"MANINHO DO JORNAL DA BAIXADA";MASCULINO;BRANCA;0;0;800;1016;1816;384
SOLIDARIEDADE;"Dep Federal";7772;"JAN VIANA";MASCULINO;BRANCA;0;0;1576;270;1846;681
PSOL;"Dep Federal";5001;"PAULO EDUARDO GOMES";MASCULINO;BRANCA;25273;0;73385;1995;75381;6583
PSOL;"Dep Federal";5030;"ALAN MAIA";MASCULINO;BRANCA;0;0;14490;2549;17039;3672
PSL;"Dep Federal";1773;"ARILSON DE CARVALHO";MASCULINO;PARDA;589;0;1600;393;1993;3160
PTC;"Dep Federal";3650;"EMMANUELLA RIOBOO";FEMININO;BRANCA;0;0;0;0;0;186
SOLIDARIEDADE;"Dep Federal";7757;"JANE DEBORA ";FEMININO;PARDA;0;0;6320;1089;7409;914
PMB;"Dep Federal";3544;"JOSE GERALDO";MASCULINO;BRANCA;0;0;0;0;0;464
MDB;"Dep Federal";1510;"NEYMAR PESADÃO";MASCULINO;BRANCA;8000;0;50000;135;50135;768
PSL;"Dep Federal";1709;"CHARLO FERRESON";FEMININO;BRANCA;0;0;2857;0;2857;511
PATRI;"Dep Federal";5177;"CELIO ROBERTO HOMBRE";MASCULINO;BRANCA;0;0;0;0;0;119
PP;"Dep Federal";1125;"SIMÃO SESSIM";MASCULINO;BRANCA;1726027;0;1995692;13440;2009132;34267
AVANTE;"Dep Federal";7030;"ANDRÉ SILVA";MASCULINO;BRANCA;0;0;0;750;750;614
PT;"Dep Federal";1345;"ALBERTO SENSATO";MASCULINO;PARDA;13;0;16020;130;16150;2306
PSC;"Dep Federal";2021;"MARCELO VIANA";MASCULINO;BRANCA;0;0;0;1985;1985;641
PMB;"Dep Federal";3513;"MICHELL CARVALHO";MASCULINO;PARDA;0;0;6184;2592;8776;4044
PDT;"Dep Federal";1252;"LU MONTEIRO";FEMININO;BRANCA;0;0;10000;1186;11186;595
PRTB;"Dep Federal";2819;"ROSE TEIXEIRA";FEMININO;BRANCA;0;0;0;2380;2380;520
PATRI;"Dep Federal";5111;"ROBSON DA PAVUNA";MASCULINO;BRANCA;5000;0;5000;0;5000;779
PSL;"Dep Federal";1760;"PAULO SANTANA";MASCULINO;PARDA;0;0;10000;893;10893;11978
DC;"Dep Federal";2760;"ZÉ DO MERCADO";MASCULINO;BRANCA;0;0;0;0;0;1106
AVANTE;"Dep Federal";7021;"FABIANE VASCONCELLOS";FEMININO;BRANCA;0;0;15920;0;15920;477
PT;"Dep Federal";1377;"BENEDITA DA SILVA ";FEMININO;PRETA;586730;0;1007870;10882;1018752;44804
PSD;"Dep Federal";5582;"PROFESSOR EDMILSON MARTINS";MASCULINO;BRANCA;0;0;0;1100;1100;1524
DEM;"Dep Federal";2512;"CELSO BARROS";MASCULINO;BRANCA;4815;0;61264;0;61264;11490
PMN;"Dep Federal";3316;"ABRAÃO NATANAEL";MASCULINO;PARDA;0;0;0;0;0;488
PDT;"Dep Federal";1248;"TANIA MOTA";FEMININO;PRETA;0;0;10000;1186;11186;847
PHS;"Dep Federal";3125;"MAURA DE OLIVEIRA ";FEMININO;BRANCA;9294;0;13000;200;13200;1434
PSD;"Dep Federal";5530;"DUDU SOARES";MASCULINO;PARDA;0;0;3000;0;3000;15475
PSD;"Dep Federal";5520;"MARCELO MÉRIDA";MASCULINO;BRANCA;0;0;76800;1600;79900;9441
PRP;"Dep Federal";4401;"FRANCIS DO GUANDU";FEMININO;PARDA;0;0;5000;2096;7096;407
PMB;"Dep Federal";3575;"ISRAEL ATLETA";MASCULINO;BRANCA;0;0;1050;0;1050;279
PRB;"Dep Federal";1013;"ALFEU NICOLAU - TAXISTA";MASCULINO;BRANCA;0;0;0;0;0;616
PRTB;"Dep Federal";2817;"MARQUINHO NOBREGA";MASCULINO;PARDA;0;0;700;2380;3080;1090
PMN;"Dep Federal";3334;"MARCIO DO INATRAN";MASCULINO;PARDA;0;0;1279;495;1774;2612
PMB;"Dep Federal";3550;"SOLANGE ARAUJO";FEMININO;PRETA;0;0;4000;0;4000;445
DEM;"Dep Federal";2577;SÓSTENES;MASCULINO;BRANCA;566783;0;1150000;80819;1230819;94203
PSL;"Dep Federal";1788;"SONINHA MIRANDA";FEMININO;PRETA;0;0;2857;0;2857;614
PTB;"Dep Federal";1421;"PAULO ROBERTO TIQUINHO";MASCULINO;PARDA;29400;0;137689;17277;154966;533
PSD;"Dep Federal";5523;AVILA;MASCULINO;BRANCA;0;0;1200;0;1200;984
PRP;"Dep Federal";4491;"NILTINHO NETO";MASCULINO;BRANCA;0;0;0;0;0;400
PRB;"Dep Federal";1068;"RENATA NERES";FEMININO;PARDA;0;0;40113;8329;48442;593
PRB;"Dep Federal";1056;"ALCIONE ALVES ";FEMININO;AMARELA;0;0;0;1372;1372;358
PSC;"Dep Federal";2093;"PASTOR VANDERLEI DO KAIROS";MASCULINO;PARDA;0;0;2000;1572;3572;724
PHS;"Dep Federal";3130;"GERALDINHO DO GELO";MASCULINO;BRANCA;0;0;11190;0;11190;6845
PRB;"Dep Federal";1039;"MAURIZETE CATARINA";FEMININO;PARDA;0;0;0;1559;1559;474
PR;"Dep Federal";2266;"MANINHA DA SAÚDE";FEMININO;PRETA;10000;0;20000;0;20000;928
AVANTE;"Dep Federal";7090;"DR. ROMUALDO DEFENSOR";MASCULINO;BRANCA;0;0;7500;0;7500;3130
PATRI;"Dep Federal";5110;"PASTOR LUIZ SUETH";MASCULINO;PARDA;0;0;200;0;200;2367
PRP;"Dep Federal";4477;"MARCELLE COZZOLINO";FEMININO;BRANCA;0;0;0;0;0;8500
PDT;"Dep Federal";1273;"MARIZA FERNANDES";FEMININO;PARDA;0;0;10000;1186;11186;153
PSC;"Dep Federal";2095;"CLEBER CRAVO";MASCULINO;PARDA;0;0;0;0;0;311
PRTB;"Dep Federal";2813;"RAQUEL LUCENA";FEMININO;BRANCA;0;0;0;1000;1000;98
PSB;"Dep Federal";4080;"RAMON CARRERA";MASCULINO;BRANCA;0;0;0;0;0;11004
PTC;"Dep Federal";3610;"SOEL ";MASCULINO;PRETA;0;0;2200;7031;9231;2087
PMB;"Dep Federal";3515;"ANDRE FERNANDES";MASCULINO;BRANCA;0;0;10400;0;10400;4720
PSL;"Dep Federal";1731;"DOUTOR JORGE LUCENA";MASCULINO;PARDA;0;0;0;0;0;7407
PRB;"Dep Federal";1012;MARCINHO;MASCULINO;BRANCA;0;0;34340;2000;36340;8235
PSL;"Dep Federal";1787;"RODRIGO TRIANE";MASCULINO;PARDA;0;0;0;0;0;698
SOLIDARIEDADE;"Dep Federal";7766;"TROVÃO DO TELEMARKETING";MASCULINO;PARDA;0;0;0;0;0;594
PSL;"Dep Federal";1741;"SARGENTO FIRMINO";MASCULINO;PARDA;0;0;3277;0;3277;2405
PHS;"Dep Federal";3110;"CARLOS SPATA";MASCULINO;BRANCA;0;0;1400;300;1700;1706
MDB;"Dep Federal";1503;"SOU GABY";FEMININO;BRANCA;0;0;50000;205;50205;841
PTB;"Dep Federal";1456;DELEY;MASCULINO;BRANCA;255988;0;1400000;0;1400000;21377
PTC;"Dep Federal";3690;"WAGUINHO ANABAL";MASCULINO;BRANCA;0;0;72300;3975;76275;12862
PR;"Dep Federal";2255;"DR. PAULO CESAR";MASCULINO;BRANCA;279800;0;850000;0;850000;12104
PSDB;"Dep Federal";4590;"CORONEL COSTA FERNANDES";MASCULINO;BRANCA;0;0;50200;3500;53700;2556
PRB;"Dep Federal";1036;"RENATO DUTRA ENFERMEIRO";MASCULINO;PARDA;0;0;200;2517;2717;979
PSC;"Dep Federal";2017;"FABIOLLA MORAES";FEMININO;BRANCA;0;0;1200;2341;3541;937
PRB;"Dep Federal";1090;"DR. HUGO TRISTÃO";MASCULINO;BRANCA;0;0;0;0;0;3378
PRP;"Dep Federal";4445;"DRA. SIMONE SOUZA";FEMININO;BRANCA;0;0;0;0;0;1509
PHS;"Dep Federal";3104;"JULIANA CARVALHO";FEMININO;BRANCA;0;0;0;200;200;156
PSD;"Dep Federal";5577;"ALLAN CALDAS";MASCULINO;BRANCA;0;0;3041;0;3041;2093
PSD;"Dep Federal";5541;"THATIANA CARVALHO";FEMININO;PARDA;0;0;200000;0;200000;136
PSL;"Dep Federal";1799;"ALESSANDRO LIMA";MASCULINO;PARDA;0;0;0;600;600;11957
PSOL;"Dep Federal";5016;"BETO JR";MASCULINO;BRANCA;0;0;2700;0;2700;436
PSOL;"Dep Federal";5016;"BETO JR";MASCULINO;BRANCA;0;0;2700;0;2700;436
